"week","ind","type","KLRG1","CD25","CCR8","Ki67","type2"
5,45,"cur",436,526,657,949,4
5,56,"cur",423,470,455,829,4
5,56,"cur",454,329,522,894,4
5,56,"cur",628,447,397,625,4
5,56,"cur",416,571,544,870,4
5,56,"cur",157,494,509,866,4
5,56,"cur",301,271,460,864,4
5,56,"cur",674,508,460,665,4
5,56,"cur",464,605,503,864,4
5,57,"cur",0,522,530,261,4
5,45,"ina",542,404,431,259,3
5,45,"ina",147,443,491,654,3
5,45,"ina",478,401,546,823,3
5,45,"ina",251,355,579,864,3
5,45,"ina",604,470,528,549,3
5,45,"ina",174,311,559,770,3
5,45,"ina",0,413,499,925,3
5,45,"ina",233,429,565,544,3
5,45,"ina",198,597,449,828,3
5,45,"ina",63,488,643,951,3
5,45,"ina",141,508,470,873,3
5,45,"ina",389,388,548,399,3
5,45,"ina",362,531,573,582,3
5,45,"ina",147,355,565,807,3
5,45,"ina",260,318,564,715,3
5,45,"ina",238,402,472,598,3
5,45,"ina",132,539,538,606,3
5,45,"ina",44,429,483,869,3
5,56,"ina",53,381,505,767,3
5,56,"ina",202,465,484,868,3
5,56,"ina",590,447,592,921,3
5,56,"ina",57,526,358,361,3
5,56,"ina",182,400,526,769,3
5,56,"ina",190,482,487,732,3
5,56,"ina",600,368,500,869,3
5,56,"ina",189,366,616,640,3
5,56,"ina",215,399,535,589,3
5,56,"ina",144,525,495,439,3
5,56,"ina",419,429,630,918,3
5,56,"ina",0,482,594,935,3
5,56,"ina",717,429,472,762,3
5,56,"ina",155,515,561,441,3
5,56,"ina",649,488,526,548,3
5,56,"ina",140,293,596,926,3
5,56,"ina",236,440,618,734,3
5,56,"ina",516,479,518,886,3
5,56,"ina",104,364,523,926,3
5,56,"ina",259,385,505,800,3
5,56,"ina",207,361,469,474,3
5,56,"ina",34,631,565,927,3
5,56,"ina",328,612,538,859,3
5,56,"ina",44,357,441,333,3
5,56,"ina",111,341,383,726,3
5,56,"ina",392,407,451,605,3
5,56,"ina",156,473,408,429,3
5,56,"ina",150,414,517,330,3
5,56,"ina",0,376,532,894,3
5,56,"ina",281,481,446,509,3
5,56,"ina",426,511,501,795,3
5,56,"ina",252,367,505,841,3
5,56,"ina",245,566,585,847,3
5,56,"ina",694,384,568,935,3
5,56,"ina",194,303,442,465,3
5,56,"ina",225,535,523,736,3
5,56,"ina",93,588,552,836,3
5,56,"ina",168,321,484,477,3
5,56,"ina",596,538,392,582,3
5,56,"ina",148,452,593,819,3
5,56,"ina",42,494,491,833,3
5,56,"ina",350,683,530,849,3
5,56,"ina",349,461,489,713,3
5,56,"ina",235,523,413,782,3
5,56,"ina",784,420,639,618,3
5,56,"ina",153,378,458,397,3
5,56,"ina",116,486,463,556,3
5,56,"ina",694,340,579,645,3
5,57,"ina",220,391,484,811,3
5,57,"ina",143,587,330,316,3
5,57,"ina",173,445,387,381,3
5,57,"ina",263,353,417,751,3
5,57,"ina",12,276,508,846,3
5,57,"ina",394,362,606,930,3
5,57,"ina",566,446,383,392,3
5,57,"ina",126,326,413,495,3
5,57,"ina",217,311,400,795,3
5,57,"ina",310,308,575,938,3
5,57,"ina",237,491,370,364,3
5,46,"ina",219,375,391,565,1
5,46,"ina",152,364,423,725,1
5,46,"ina",500,356,422,620,1
5,46,"ina",279,466,425,855,1
5,46,"ina",323,417,408,896,1
5,46,"ina",108,439,436,832,1
5,46,"ina",240,323,430,860,1
5,46,"ina",171,423,418,381,1
5,46,"ina",200,320,273,831,1
5,46,"ina",125,700,233,878,1
5,46,"ina",46,387,436,740,1
5,46,"ina",240,307,439,400,1
5,46,"ina",249,403,279,307,1
5,46,"ina",140,318,270,725,1
5,46,"ina",108,431,343,469,1
5,46,"ina",232,508,303,616,1
5,46,"ina",699,434,327,729,1
5,46,"ina",638,422,363,829,1
5,46,"ina",657,365,377,414,1
5,46,"ina",150,283,560,882,1
5,46,"ina",122,415,367,351,1
5,46,"ina",490,641,356,816,1
5,46,"ina",152,400,374,365,1
5,46,"ina",182,362,308,559,1
5,46,"ina",719,633,318,569,1
5,46,"ina",285,329,354,894,1
5,46,"ina",315,351,362,735,1
5,46,"ina",291,497,383,691,1
5,46,"ina",259,318,339,784,1
5,46,"ina",694,446,367,726,1
5,46,"ina",111,399,285,442,1
5,46,"ina",323,432,285,635,1
5,46,"ina",220,408,306,432,1
5,46,"ina",196,365,362,432,1
5,46,"ina",88,295,399,797,1
5,46,"ina",256,367,369,463,1
5,46,"ina",413,309,382,877,1
5,46,"ina",155,380,554,503,1
5,46,"ina",573,494,369,756,1
5,46,"ina",273,455,296,649,1
5,46,"ina",174,302,480,538,1
5,46,"ina",489,287,323,736,1
5,46,"ina",241,351,404,440,1
5,46,"ina",105,313,270,868,1
5,46,"ina",248,423,313,487,1
5,46,"ina",146,403,474,533,1
5,46,"ina",257,407,492,761,1
5,46,"ina",243,323,332,821,1
5,46,"ina",0,355,334,896,1
5,46,"ina",522,457,270,653,1
5,46,"ina",205,547,314,836,1
5,46,"ina",675,340,312,878,1
5,46,"ina",166,506,284,863,1
5,46,"ina",189,469,379,775,1
5,46,"ina",296,595,435,601,1
5,46,"ina",53,481,492,903,1
5,46,"ina",284,499,387,867,1
5,46,"ina",230,326,433,370,1
5,46,"ina",221,475,322,772,1
5,46,"ina",459,480,305,724,1
5,46,"ina",190,600,299,345,1
5,46,"ina",182,376,408,352,1
5,46,"ina",186,313,462,437,1
5,46,"ina",0,352,440,858,1
5,46,"ina",37,293,358,847,1
5,46,"ina",227,321,373,845,1
5,46,"ina",138,396,348,377,1
5,46,"ina",278,317,302,413,1
5,46,"ina",242,560,326,810,1
5,46,"ina",101,490,288,312,1
5,46,"ina",228,480,468,923,1
5,46,"ina",141,381,299,870,1
5,46,"ina",212,341,281,628,1
5,46,"ina",239,319,463,584,1
5,46,"ina",104,325,343,285,1
5,46,"ina",417,290,322,893,1
5,46,"ina",67,351,387,326,1
5,46,"ina",315,532,286,404,1
5,46,"ina",95,388,309,824,1
5,46,"ina",233,339,266,858,1
5,46,"ina",378,516,286,767,1
5,46,"ina",122,278,303,762,1
5,46,"ina",608,519,302,719,1
5,46,"ina",194,385,407,868,1
5,46,"ina",291,325,265,783,1
5,46,"ina",618,373,325,808,1
5,46,"ina",179,547,458,375,1
5,46,"ina",149,331,318,789,1
5,46,"ina",108,551,428,882,1
5,46,"ina",249,355,421,857,1
5,46,"ina",198,435,406,548,1
5,46,"ina",34,540,434,874,1
5,46,"ina",147,394,303,348,1
5,46,"ina",257,356,503,379,1
5,46,"ina",177,399,385,859,1
5,46,"ina",144,385,443,406,1
5,46,"ina",107,479,401,936,1
5,46,"ina",208,562,291,441,1
5,46,"ina",236,290,424,881,1
5,46,"ina",117,568,301,815,1
5,46,"ina",513,442,316,852,1
5,46,"ina",329,305,393,849,1
5,46,"ina",329,311,386,834,1
5,46,"ina",100,391,283,643,1
5,46,"ina",425,373,396,460,1
5,46,"ina",306,333,464,752,1
5,46,"ina",252,476,283,545,1
5,46,"ina",261,362,300,521,1
5,46,"ina",293,391,307,879,1
5,46,"ina",160,326,427,468,1
5,46,"ina",256,372,360,364,1
5,46,"ina",251,389,487,747,1
5,46,"ina",204,376,282,299,1
5,46,"ina",88,576,424,782,1
5,46,"ina",93,355,322,324,1
5,46,"ina",154,343,393,871,1
5,46,"ina",426,392,442,912,1
5,46,"ina",618,389,347,341,1
5,46,"ina",147,503,288,837,1
5,46,"ina",149,451,372,800,1
5,46,"ina",650,545,503,809,1
5,46,"ina",62,282,411,850,1
5,46,"ina",497,573,277,659,1
5,46,"ina",143,288,392,502,1
5,46,"ina",645,284,273,862,1
5,45,"rb",327,413,552,904,2
5,45,"rb",413,306,503,779,2
5,45,"rb",687,603,446,908,2
5,56,"rb",157,373,420,744,2
5,56,"rb",406,570,485,743,2
5,46,"rb",358,447,436,703,0
5,46,"rb",712,757,347,684,0
5,46,"rb",80,310,322,779,0
5,46,"rb",306,476,447,687,0
5,46,"rb",169,620,296,383,0
5,46,"rb",475,431,312,772,0
5,46,"rb",373,467,305,540,0
5,46,"rb",571,349,269,348,0
5,46,"rb",487,541,343,667,0
5,46,"rb",87,289,267,776,0
5,46,"rb",296,264,435,924,0
5,46,"rb",84,431,367,850,0
5,46,"rb",282,310,308,780,0
5,46,"rb",104,305,261,822,0
5,46,"rb",224,712,436,330,0
5,46,"rb",415,742,404,738,0
5,46,"rb",662,387,305,725,0
5,46,"rb",209,395,355,879,0
5,46,"rb",222,619,366,382,0
5,46,"rb",610,456,290,455,0
5,46,"rb",312,288,357,744,0
5,46,"rb",274,477,342,780,0
5,46,"rb",251,447,289,724,0
5,46,"rb",240,672,275,754,0
5,46,"rb",245,391,303,449,0
5,46,"rb",337,401,278,844,0
5,46,"rb",681,507,377,426,0
5,46,"rb",748,517,414,960,0
5,46,"rb",455,693,599,709,0
5,46,"rb",293,395,272,685,0
6,45,"cur",675,421,489,813,4
6,45,"cur",671,485,492,839,4
6,45,"cur",686,469,371,666,4
6,45,"cur",701,358,523,827,4
6,45,"cur",657,402,470,818,4
6,45,"cur",668,377,494,825,4
6,45,"cur",711,519,435,680,4
6,45,"cur",652,457,471,804,4
6,45,"cur",594,662,503,757,4
6,56,"cur",678,512,511,858,4
6,56,"cur",558,352,415,635,4
6,56,"cur",719,457,385,707,4
6,56,"cur",642,393,394,744,4
6,56,"cur",644,425,472,804,4
6,56,"cur",631,450,464,801,4
6,56,"cur",623,531,440,789,4
6,56,"cur",530,649,423,736,4
6,56,"cur",635,384,451,778,4
6,56,"cur",598,326,422,780,4
6,57,"cur",587,415,371,715,4
6,57,"cur",651,464,467,826,4
6,57,"cur",612,563,391,303,4
6,57,"cur",642,518,450,825,4
6,57,"cur",527,304,356,688,4
6,57,"cur",523,349,325,591,4
6,57,"cur",524,383,333,640,4
6,57,"cur",514,392,300,543,4
6,57,"cur",559,622,332,616,4
6,57,"cur",654,412,426,824,4
6,57,"cur",530,351,314,646,4
6,57,"cur",557,479,308,308,4
6,57,"cur",572,547,390,732,4
6,57,"cur",528,423,327,602,4
6,57,"cur",692,517,451,802,4
6,57,"cur",705,493,445,827,4
6,57,"cur",608,385,452,801,4
6,57,"cur",547,460,368,685,4
6,57,"cur",554,464,350,690,4
6,57,"cur",494,435,299,303,4
6,57,"cur",615,415,430,803,4
6,57,"cur",599,374,396,761,4
6,57,"cur",651,355,415,809,4
6,57,"cur",632,404,425,832,4
6,57,"cur",584,340,346,737,4
6,57,"cur",586,384,345,734,4
6,57,"cur",614,396,416,786,4
6,57,"cur",606,498,366,756,4
6,57,"cur",619,367,392,792,4
6,57,"cur",620,423,434,784,4
6,57,"cur",621,430,396,779,4
6,57,"cur",639,383,403,789,4
6,57,"cur",664,397,362,694,4
6,57,"cur",640,367,443,823,4
6,57,"cur",552,338,318,624,4
6,57,"cur",576,424,312,527,4
6,57,"cur",609,581,413,785,4
6,57,"cur",574,408,379,756,4
6,57,"cur",636,389,399,788,4
6,57,"cur",556,546,346,675,4
6,57,"cur",568,363,436,726,4
6,57,"cur",669,361,490,853,4
6,57,"cur",679,403,396,787,4
6,57,"cur",626,508,409,811,4
6,57,"cur",677,512,465,834,4
6,57,"cur",589,411,388,782,4
6,57,"cur",599,456,350,662,4
6,57,"cur",637,409,411,765,4
6,57,"cur",643,382,450,796,4
6,57,"cur",585,436,411,785,4
6,57,"cur",643,345,386,764,4
6,45,"ina",403,545,544,373,3
6,45,"ina",625,481,395,794,3
6,45,"ina",420,411,327,377,3
6,45,"ina",553,478,461,728,3
6,45,"ina",388,348,425,312,3
6,45,"ina",638,521,530,841,3
6,45,"ina",395,448,392,489,3
6,45,"ina",647,483,451,824,3
6,45,"ina",394,556,487,365,3
6,45,"ina",681,447,474,850,3
6,45,"ina",442,483,465,385,3
6,45,"ina",376,459,338,279,3
6,45,"ina",651,550,395,610,3
6,45,"ina",645,505,549,842,3
6,45,"ina",670,390,500,841,3
6,45,"ina",550,479,372,725,3
6,45,"ina",665,499,538,857,3
6,56,"ina",534,356,469,728,3
6,56,"ina",375,376,345,432,3
6,56,"ina",674,358,487,852,3
6,56,"ina",682,530,486,857,3
6,56,"ina",592,474,425,767,3
6,56,"ina",457,513,362,447,3
6,56,"ina",356,502,336,269,3
6,56,"ina",353,451,381,330,3
6,56,"ina",411,370,440,279,3
6,56,"ina",350,515,405,327,3
6,56,"ina",609,485,374,732,3
6,56,"ina",398,583,504,313,3
6,56,"ina",432,492,443,388,3
6,57,"ina",603,453,382,813,3
6,57,"ina",478,437,332,517,3
6,57,"ina",433,565,321,580,3
6,57,"ina",501,521,373,707,3
6,57,"ina",596,532,423,797,3
6,57,"ina",651,383,483,839,3
6,57,"ina",541,495,339,696,3
6,57,"ina",609,364,402,783,3
6,57,"ina",547,684,328,665,3
6,57,"ina",519,640,379,694,3
6,57,"ina",601,499,398,727,3
6,57,"ina",413,501,322,336,3
6,57,"ina",394,339,341,401,3
6,57,"ina",634,446,436,826,3
6,57,"ina",519,376,309,342,3
6,57,"ina",385,375,308,419,3
6,57,"ina",490,604,320,603,3
6,57,"ina",376,367,290,305,3
6,57,"ina",564,379,367,715,3
6,57,"ina",494,483,329,414,3
6,46,"ina",575,514,284,296,1
6,46,"ina",632,465,443,812,1
6,46,"ina",606,601,397,798,1
6,46,"ina",495,478,399,646,1
6,46,"ina",596,447,424,750,1
6,46,"ina",598,377,372,504,1
6,46,"ina",583,437,384,597,1
6,46,"ina",349,518,294,343,1
6,46,"ina",426,379,427,373,1
6,46,"ina",633,331,461,834,1
6,46,"ina",644,470,480,824,1
6,46,"ina",617,420,396,803,1
6,46,"ina",415,408,422,654,1
6,46,"ina",403,534,324,349,1
6,46,"ina",327,565,369,307,1
6,46,"ina",403,377,302,552,1
6,46,"ina",582,504,383,758,1
6,46,"ina",412,374,286,394,1
6,46,"ina",419,493,306,468,1
6,46,"ina",384,381,366,316,1
6,46,"ina",713,524,339,695,1
6,46,"ina",494,384,376,350,1
6,46,"ina",583,535,403,758,1
6,46,"ina",393,338,389,408,1
6,46,"ina",536,500,493,320,1
6,46,"ina",601,479,396,771,1
6,46,"ina",679,466,448,774,1
6,46,"ina",413,474,349,333,1
6,46,"ina",604,426,431,770,1
6,46,"ina",288,341,429,409,1
6,46,"ina",378,371,324,304,1
6,46,"ina",716,424,434,803,1
6,46,"ina",417,401,386,464,1
6,46,"ina",358,555,283,317,1
6,46,"ina",453,440,325,615,1
6,46,"ina",503,438,310,645,1
6,46,"ina",362,434,371,384,1
6,46,"ina",441,527,332,382,1
6,46,"ina",593,547,376,755,1
6,46,"ina",571,430,416,775,1
6,46,"ina",435,501,332,474,1
6,46,"ina",603,511,441,801,1
6,46,"ina",407,426,328,653,1
6,46,"ina",366,487,349,329,1
6,46,"ina",486,456,367,671,1
6,46,"ina",426,373,303,569,1
6,46,"ina",538,415,367,717,1
6,46,"ina",477,399,400,668,1
6,46,"ina",481,451,376,691,1
6,46,"ina",601,409,420,780,1
6,46,"ina",429,380,352,367,1
6,46,"ina",413,422,285,338,1
6,46,"ina",364,388,422,318,1
6,46,"ina",509,399,335,614,1
6,46,"ina",603,416,478,790,1
6,46,"ina",360,461,270,514,1
6,46,"ina",649,404,455,836,1
6,46,"ina",337,386,357,388,1
6,46,"ina",368,424,375,382,1
6,46,"ina",454,402,346,602,1
6,46,"ina",321,400,312,271,1
6,46,"ina",274,399,319,367,1
6,46,"ina",364,471,354,441,1
6,46,"ina",445,353,326,613,1
6,46,"ina",398,558,370,477,1
6,46,"ina",560,461,341,739,1
6,46,"ina",530,552,403,689,1
6,46,"ina",607,428,467,801,1
6,46,"ina",368,380,345,354,1
6,46,"ina",555,384,428,745,1
6,46,"ina",549,536,389,721,1
6,46,"ina",590,353,386,755,1
6,46,"ina",399,393,414,335,1
6,46,"ina",463,463,329,263,1
6,46,"ina",569,578,377,699,1
6,46,"ina",581,499,461,779,1
6,46,"ina",407,541,454,425,1
6,46,"ina",415,377,387,421,1
6,46,"ina",653,510,493,829,1
6,46,"ina",391,375,300,266,1
6,46,"ina",676,439,386,755,1
6,46,"ina",523,565,358,462,1
6,46,"ina",521,588,468,665,1
6,46,"ina",548,422,395,734,1
6,46,"ina",578,366,480,734,1
6,46,"ina",444,607,505,584,1
6,46,"ina",513,475,320,320,1
6,46,"ina",603,448,393,731,1
6,46,"ina",513,367,513,705,1
6,45,"rb",557,427,419,764,2
6,45,"rb",529,358,360,284,2
6,45,"rb",540,410,422,705,2
6,45,"rb",400,472,446,358,2
6,45,"rb",500,419,415,560,2
6,45,"rb",457,455,396,353,2
6,45,"rb",566,354,478,779,2
6,45,"rb",332,376,524,299,2
6,45,"rb",509,463,385,399,2
6,45,"rb",515,477,390,339,2
6,56,"rb",504,456,389,359,2
6,56,"rb",474,455,316,241,2
6,56,"rb",557,516,415,748,2
6,56,"rb",446,401,490,266,2
6,56,"rb",473,431,346,458,2
6,56,"rb",320,419,352,252,2
6,56,"rb",666,489,490,265,2
6,57,"rb",643,389,472,831,2
6,57,"rb",535,407,361,708,2
6,57,"rb",602,378,382,750,2
6,57,"rb",534,403,424,618,2
6,57,"rb",543,419,432,697,2
6,57,"rb",538,443,349,633,2
6,57,"rb",513,572,300,309,2
6,57,"rb",662,400,359,590,2
6,57,"rb",654,677,580,210,2
6,57,"rb",614,419,414,780,2
6,57,"rb",527,374,332,677,2
6,57,"rb",560,424,368,699,2
6,57,"rb",583,396,388,761,2
6,57,"rb",461,419,335,347,2
6,57,"rb",580,426,403,716,2
6,46,"rb",564,422,394,686,0
6,46,"rb",670,624,424,797,0
6,46,"rb",666,520,459,841,0
6,46,"rb",435,527,413,572,0
6,46,"rb",581,367,370,727,0
6,46,"rb",569,340,463,662,0
6,46,"rb",458,457,352,310,0
6,46,"rb",564,378,394,725,0
6,46,"rb",365,386,317,431,0
6,46,"rb",574,423,409,768,0
6,46,"rb",553,415,393,626,0
6,46,"rb",524,452,266,346,0
6,46,"rb",555,463,361,719,0
6,46,"rb",467,466,310,523,0
6,46,"rb",559,488,397,699,0
6,46,"rb",491,415,368,491,0
6,46,"rb",433,422,303,345,0
6,46,"rb",660,431,273,472,0
6,46,"rb",415,406,318,484,0
6,46,"rb",497,558,345,331,0
6,46,"rb",435,606,414,320,0
6,46,"rb",505,597,363,660,0
6,46,"rb",487,437,344,544,0
6,46,"rb",408,482,342,216,0
6,46,"rb",462,387,345,336,0
6,46,"rb",518,408,442,292,0
6,46,"rb",630,413,426,780,0
6,46,"rb",561,450,338,472,0
7,45,"cur",596,376,516,783,4
7,45,"cur",738,327,424,788,4
7,45,"cur",643,361,616,919,4
7,56,"cur",520,289,266,755,4
7,56,"cur",487,381,309,760,4
7,56,"cur",703,508,277,729,4
7,56,"cur",286,306,274,588,4
7,56,"cur",543,311,297,786,4
7,56,"cur",517,308,377,423,4
7,56,"cur",431,429,319,360,4
7,56,"cur",579,366,245,545,4
7,56,"cur",342,488,287,614,4
7,56,"cur",562,308,299,797,4
7,56,"cur",291,469,262,520,4
7,56,"cur",362,321,264,341,4
7,56,"cur",478,471,312,699,4
7,56,"cur",461,316,276,419,4
7,56,"cur",398,292,289,462,4
7,56,"cur",423,283,257,735,4
7,56,"cur",616,299,289,773,4
7,56,"cur",499,410,307,806,4
7,56,"cur",555,550,251,468,4
7,56,"cur",452,434,271,535,4
7,56,"cur",365,602,271,483,4
7,56,"cur",518,348,284,811,4
7,56,"cur",503,347,274,584,4
7,56,"cur",693,489,265,433,4
7,56,"cur",573,334,324,749,4
7,56,"cur",744,473,295,373,4
7,56,"cur",520,403,261,820,4
7,56,"cur",609,368,269,770,4
7,56,"cur",448,434,261,772,4
7,56,"cur",346,404,242,661,4
7,56,"cur",606,285,287,875,4
7,56,"cur",521,544,308,601,4
7,56,"cur",741,362,290,780,4
7,56,"cur",543,609,262,291,4
7,56,"cur",662,326,280,610,4
7,56,"cur",410,285,252,386,4
7,56,"cur",193,586,276,533,4
7,56,"cur",412,578,245,537,4
7,56,"cur",757,513,283,400,4
7,56,"cur",336,335,325,624,4
7,56,"cur",432,393,250,524,4
7,56,"cur",371,316,265,539,4
7,56,"cur",416,308,275,749,4
7,56,"cur",589,517,271,726,4
7,56,"cur",510,337,255,780,4
7,56,"cur",373,359,290,715,4
7,56,"cur",332,402,258,593,4
7,56,"cur",494,311,264,663,4
7,56,"cur",490,301,258,734,4
7,56,"cur",395,705,246,621,4
7,56,"cur",690,322,228,799,4
7,56,"cur",513,481,354,259,4
7,56,"cur",378,359,276,297,4
7,56,"cur",280,291,289,635,4
7,56,"cur",359,516,299,389,4
7,56,"cur",545,293,318,772,4
7,56,"cur",525,317,283,688,4
7,56,"cur",474,365,276,606,4
7,56,"cur",270,315,256,562,4
7,56,"cur",841,316,274,695,4
7,56,"cur",463,434,269,364,4
7,56,"cur",649,343,306,854,4
7,56,"cur",415,290,338,818,4
7,56,"cur",546,396,299,788,4
7,56,"cur",398,409,283,609,4
7,56,"cur",374,351,265,496,4
7,56,"cur",479,299,284,628,4
7,56,"cur",582,337,298,761,4
7,56,"cur",358,413,272,722,4
7,56,"cur",400,336,254,572,4
7,56,"cur",420,327,339,373,4
7,56,"cur",564,354,302,783,4
7,56,"cur",704,364,268,629,4
7,56,"cur",517,386,260,624,4
7,56,"cur",472,439,271,352,4
7,56,"cur",509,310,298,681,4
7,56,"cur",470,353,396,586,4
7,56,"cur",426,287,263,526,4
7,56,"cur",541,627,293,489,4
7,56,"cur",333,373,284,328,4
7,56,"cur",497,303,270,579,4
7,56,"cur",284,280,273,591,4
7,56,"cur",630,458,262,290,4
7,56,"cur",560,538,310,821,4
7,56,"cur",349,684,298,357,4
7,56,"cur",582,320,230,736,4
7,56,"cur",214,553,274,637,4
7,56,"cur",562,450,291,410,4
7,56,"cur",526,297,338,864,4
7,56,"cur",447,395,272,682,4
7,56,"cur",445,351,272,684,4
7,56,"cur",374,411,264,541,4
7,56,"cur",450,328,281,397,4
7,56,"cur",526,397,264,424,4
7,56,"cur",509,342,290,739,4
7,56,"cur",203,284,263,324,4
7,56,"cur",572,380,270,651,4
7,56,"cur",481,481,287,367,4
7,56,"cur",544,374,320,772,4
7,56,"cur",573,307,247,289,4
7,56,"cur",396,389,294,578,4
7,56,"cur",372,441,262,560,4
7,56,"cur",637,467,266,543,4
7,56,"cur",388,310,272,545,4
7,56,"cur",345,425,241,597,4
7,56,"cur",436,325,260,497,4
7,56,"cur",443,445,247,793,4
7,56,"cur",676,309,283,334,4
7,56,"cur",524,343,234,781,4
7,56,"cur",631,508,269,438,4
7,56,"cur",623,327,344,539,4
7,56,"cur",386,341,274,792,4
7,56,"cur",439,322,349,651,4
7,56,"cur",493,275,336,834,4
7,56,"cur",577,348,268,774,4
7,56,"cur",504,371,254,756,4
7,56,"cur",517,320,282,795,4
7,56,"cur",384,536,290,583,4
7,56,"cur",232,578,274,511,4
7,56,"cur",579,305,234,696,4
7,56,"cur",375,590,290,583,4
7,56,"cur",585,276,269,836,4
7,56,"cur",557,350,412,437,4
7,56,"cur",594,323,286,776,4
7,56,"cur",318,318,258,417,4
7,56,"cur",295,306,246,622,4
7,56,"cur",665,348,255,807,4
7,56,"cur",616,282,390,781,4
7,56,"cur",766,408,269,398,4
7,56,"cur",562,316,293,861,4
7,56,"cur",524,296,283,759,4
7,56,"cur",346,509,257,526,4
7,56,"cur",469,294,298,739,4
7,56,"cur",433,288,311,798,4
7,56,"cur",519,428,304,603,4
7,56,"cur",720,318,261,338,4
7,56,"cur",574,428,267,315,4
7,56,"cur",355,316,260,465,4
7,56,"cur",457,307,294,606,4
7,56,"cur",425,316,269,512,4
7,56,"cur",486,290,292,675,4
7,56,"cur",622,350,269,775,4
7,56,"cur",400,618,244,473,4
7,56,"cur",533,465,311,629,4
7,56,"cur",523,340,274,474,4
7,56,"cur",538,397,315,310,4
7,56,"cur",677,451,258,653,4
7,56,"cur",559,339,249,836,4
7,56,"cur",540,434,346,439,4
7,56,"cur",405,306,296,697,4
7,56,"cur",486,311,267,448,4
7,56,"cur",447,392,260,602,4
7,56,"cur",522,349,281,336,4
7,56,"cur",475,276,322,737,4
7,56,"cur",538,471,257,797,4
7,56,"cur",586,296,308,831,4
7,56,"cur",590,486,280,389,4
7,56,"cur",293,563,266,641,4
7,56,"cur",415,598,343,355,4
7,56,"cur",614,269,356,893,4
7,56,"cur",290,418,273,297,4
7,56,"cur",382,291,300,784,4
7,56,"cur",433,511,265,422,4
7,56,"cur",364,319,262,721,4
7,56,"cur",344,443,264,443,4
7,56,"cur",550,312,374,727,4
7,56,"cur",534,293,399,760,4
7,56,"cur",318,458,277,320,4
7,56,"cur",216,355,277,416,4
7,56,"cur",556,323,254,530,4
7,56,"cur",586,309,299,837,4
7,57,"cur",568,475,301,738,4
7,57,"cur",451,627,444,694,4
7,57,"cur",603,315,461,865,4
7,57,"cur",613,504,436,845,4
7,57,"cur",572,538,379,725,4
7,57,"cur",572,411,337,815,4
7,57,"cur",701,500,401,702,4
7,57,"cur",531,336,401,815,4
7,57,"cur",482,399,427,847,4
7,57,"cur",470,350,340,654,4
7,57,"cur",526,334,463,707,4
7,57,"cur",586,393,357,809,4
7,45,"ina",287,340,567,470,3
7,45,"ina",446,386,446,833,3
7,45,"ina",566,402,410,862,3
7,45,"ina",550,344,607,855,3
7,45,"ina",324,521,490,617,3
7,45,"ina",587,455,543,875,3
7,45,"ina",618,338,431,785,3
7,56,"ina",672,384,318,301,3
7,56,"ina",433,408,290,355,3
7,56,"ina",80,476,287,401,3
7,56,"ina",155,497,288,321,3
7,56,"ina",130,438,301,322,3
7,56,"ina",216,459,303,325,3
7,56,"ina",90,339,302,390,3
7,56,"ina",223,368,333,330,3
7,56,"ina",417,395,278,610,3
7,56,"ina",147,326,275,310,3
7,56,"ina",98,448,268,324,3
7,56,"ina",169,591,274,281,3
7,56,"ina",567,504,277,725,3
7,56,"ina",165,443,273,376,3
7,56,"ina",355,433,254,627,3
7,56,"ina",251,355,287,335,3
7,56,"ina",237,358,392,319,3
7,56,"ina",112,336,332,389,3
7,56,"ina",596,321,316,852,3
7,56,"ina",107,452,289,328,3
7,56,"ina",254,434,268,270,3
7,56,"ina",131,410,342,412,3
7,56,"ina",381,319,310,751,3
7,56,"ina",728,354,290,306,3
7,56,"ina",139,406,246,273,3
7,56,"ina",441,378,330,383,3
7,56,"ina",101,352,293,310,3
7,56,"ina",245,308,312,391,3
7,56,"ina",196,560,254,252,3
7,56,"ina",660,441,305,562,3
7,56,"ina",335,509,302,368,3
7,56,"ina",521,299,258,842,3
7,56,"ina",223,593,303,356,3
7,56,"ina",155,565,324,318,3
7,56,"ina",219,380,276,321,3
7,56,"ina",496,283,312,848,3
7,56,"ina",169,368,279,306,3
7,56,"ina",180,315,423,463,3
7,56,"ina",311,327,272,743,3
7,56,"ina",252,398,297,552,3
7,56,"ina",117,571,326,309,3
7,56,"ina",505,321,253,691,3
7,56,"ina",308,366,263,635,3
7,56,"ina",204,405,252,597,3
7,56,"ina",588,518,270,580,3
7,56,"ina",285,412,262,548,3
7,56,"ina",433,337,294,783,3
7,56,"ina",242,413,258,375,3
7,56,"ina",431,310,254,668,3
7,56,"ina",365,378,251,738,3
7,56,"ina",231,413,320,314,3
7,56,"ina",128,347,301,348,3
7,56,"ina",72,480,310,343,3
7,56,"ina",124,561,266,384,3
7,56,"ina",460,384,343,717,3
7,56,"ina",209,600,249,379,3
7,56,"ina",106,343,278,266,3
7,56,"ina",128,331,283,311,3
7,56,"ina",166,317,315,550,3
7,56,"ina",377,450,251,411,3
7,56,"ina",225,321,288,325,3
7,56,"ina",581,396,268,571,3
7,56,"ina",307,366,254,621,3
7,56,"ina",353,360,252,576,3
7,56,"ina",492,462,316,397,3
7,56,"ina",473,293,249,837,3
7,56,"ina",219,369,269,280,3
7,56,"ina",321,494,248,683,3
7,57,"ina",563,350,353,860,3
7,57,"ina",223,462,335,337,3
7,57,"ina",106,410,521,393,3
7,57,"ina",184,377,377,352,3
7,46,"ina",579,351,461,871,1
7,46,"ina",581,393,475,890,1
7,46,"ina",566,425,405,866,1
7,46,"ina",324,341,570,770,1
7,45,"rb",604,316,441,379,2
7,45,"rb",402,318,524,773,2
7,45,"rb",424,332,561,681,2
7,45,"rb",336,347,484,610,2
7,45,"rb",399,311,495,355,2
7,45,"rb",519,345,563,421,2
7,56,"rb",586,285,241,832,2
7,56,"rb",562,527,446,379,2
7,56,"rb",355,284,285,307,2
7,56,"rb",318,312,296,253,2
7,56,"rb",356,377,315,288,2
7,56,"rb",308,324,272,376,2
7,56,"rb",647,586,300,344,2
7,56,"rb",196,310,280,408,2
7,56,"rb",587,362,288,696,2
7,56,"rb",395,319,325,413,2
7,56,"rb",310,378,317,272,2
7,56,"rb",345,292,263,312,2
7,56,"rb",225,295,263,546,2
7,56,"rb",495,484,293,719,2
7,56,"rb",201,376,289,237,2
7,56,"rb",123,295,259,477,2
7,56,"rb",473,320,413,661,2
7,56,"rb",428,304,346,695,2
7,56,"rb",515,511,384,286,2
7,56,"rb",286,300,246,271,2
7,56,"rb",347,345,310,333,2
7,56,"rb",362,524,268,603,2
7,56,"rb",206,350,295,268,2
7,56,"rb",375,342,248,540,2
7,56,"rb",331,341,400,611,2
7,56,"rb",213,341,262,263,2
7,56,"rb",245,453,254,635,2
7,56,"rb",447,567,341,259,2
7,56,"rb",395,319,278,296,2
7,56,"rb",428,305,263,287,2
7,56,"rb",331,358,299,487,2
7,56,"rb",497,509,394,485,2
7,56,"rb",530,327,302,423,2
7,56,"rb",261,316,285,324,2
7,56,"rb",312,331,294,250,2
7,56,"rb",609,523,297,288,2
7,56,"rb",482,284,262,295,2
7,56,"rb",558,630,257,334,2
7,56,"rb",370,318,304,378,2
7,56,"rb",408,312,300,724,2
7,56,"rb",321,302,324,282,2
7,56,"rb",632,322,283,315,2
7,56,"rb",414,294,307,318,2
7,56,"rb",243,285,281,254,2
7,56,"rb",341,339,303,280,2
7,56,"rb",551,383,290,321,2
7,56,"rb",506,299,346,825,2
7,56,"rb",413,356,304,305,2
7,56,"rb",185,391,304,315,2
7,56,"rb",321,414,342,296,2
7,56,"rb",431,325,287,331,2
7,56,"rb",66,331,297,280,2
7,56,"rb",363,341,263,307,2
7,56,"rb",602,304,321,786,2
7,56,"rb",513,296,361,766,2
7,56,"rb",324,287,343,545,2
7,56,"rb",392,344,278,308,2
7,56,"rb",340,394,271,272,2
7,56,"rb",346,313,379,329,2
7,56,"rb",419,423,308,287,2
7,56,"rb",458,437,267,636,2
7,56,"rb",452,316,298,704,2
7,56,"rb",518,347,282,786,2
7,56,"rb",363,336,289,429,2
7,56,"rb",214,306,246,398,2
7,56,"rb",264,304,256,239,2
7,56,"rb",698,601,257,253,2
7,56,"rb",360,376,298,285,2
7,56,"rb",106,349,301,256,2
7,56,"rb",409,293,274,324,2
7,56,"rb",358,518,284,250,2
7,56,"rb",392,298,302,251,2
7,56,"rb",29,287,323,289,2
7,57,"rb",445,333,306,318,2
7,57,"rb",535,337,401,292,2
7,57,"rb",250,380,338,715,2
7,57,"rb",595,337,428,292,2
7,57,"rb",527,315,354,851,2
7,57,"rb",303,338,341,272,2
7,57,"rb",409,319,338,377,2
7,57,"rb",116,331,381,370,2
7,57,"rb",296,350,520,383,2
7,57,"rb",603,322,475,889,2
7,57,"rb",542,327,375,323,2
7,57,"rb",307,334,369,393,2
7,57,"rb",540,353,359,582,2
7,57,"rb",550,635,295,814,2
7,57,"rb",278,381,346,412,2
7,57,"rb",610,575,464,858,2
7,57,"rb",339,367,306,515,2
7,57,"rb",594,365,457,372,2
7,57,"rb",584,337,437,786,2
7,57,"rb",86,319,345,311,2
7,57,"rb",606,338,488,852,2
7,57,"rb",562,340,397,323,2
7,57,"rb",370,329,318,277,2
7,46,"rb",578,345,453,849,0
7,46,"rb",113,354,388,389,0
7,46,"rb",372,331,537,687,0
7,46,"rb",476,320,529,770,0
7,46,"rb",405,558,321,693,0
7,46,"rb",530,303,495,778,0
7,46,"rb",349,316,481,367,0
7,46,"rb",633,332,372,455,0
7,46,"rb",480,309,373,771,0
7,46,"rb",355,315,590,525,0
8,45,"cur",297,426,341,341,4
8,45,"cur",424,286,340,763,4
8,45,"cur",315,313,250,388,4
8,45,"cur",527,346,411,875,4
8,45,"cur",411,291,285,592,4
8,45,"cur",457,509,206,851,4
8,45,"cur",485,337,341,791,4
8,45,"cur",565,331,311,732,4
8,45,"cur",467,394,487,572,4
8,45,"cur",524,312,432,757,4
8,45,"cur",449,296,250,689,4
8,45,"cur",662,295,270,747,4
8,45,"cur",613,323,310,364,4
8,45,"cur",406,368,272,762,4
8,45,"cur",279,387,257,349,4
8,45,"cur",320,322,250,531,4
8,45,"cur",595,289,264,515,4
8,45,"cur",506,301,326,840,4
8,45,"cur",449,286,249,785,4
8,45,"cur",413,272,449,682,4
8,56,"cur",245,245,255,630,4
8,56,"cur",506,465,227,273,4
8,56,"cur",602,305,221,781,4
8,56,"cur",328,325,305,678,4
8,56,"cur",411,398,227,388,4
8,56,"cur",314,326,248,318,4
8,56,"cur",288,303,232,319,4
8,56,"cur",448,655,237,660,4
8,56,"cur",473,514,216,415,4
8,56,"cur",199,269,233,309,4
8,56,"cur",457,377,229,241,4
8,56,"cur",305,478,231,562,4
8,56,"cur",395,245,238,731,4
8,56,"cur",454,283,309,811,4
8,56,"cur",387,273,276,441,4
8,56,"cur",360,411,235,297,4
8,56,"cur",448,287,305,523,4
8,56,"cur",749,287,254,334,4
8,56,"cur",186,556,236,410,4
8,56,"cur",271,374,239,294,4
8,56,"cur",711,467,297,798,4
8,56,"cur",399,423,259,345,4
8,56,"cur",294,254,256,372,4
8,56,"cur",371,298,231,270,4
8,56,"cur",201,269,238,353,4
8,56,"cur",479,361,248,416,4
8,56,"cur",421,290,273,316,4
8,56,"cur",367,479,236,556,4
8,56,"cur",738,249,264,849,4
8,56,"cur",428,247,266,789,4
8,56,"cur",445,245,256,660,4
8,56,"cur",512,234,255,748,4
8,56,"cur",687,356,266,267,4
8,56,"cur",298,370,233,288,4
8,56,"cur",286,306,271,462,4
8,56,"cur",121,377,236,345,4
8,56,"cur",475,444,274,310,4
8,56,"cur",345,286,263,328,4
8,56,"cur",465,253,354,823,4
8,56,"cur",571,465,333,810,4
8,56,"cur",385,330,255,308,4
8,56,"cur",388,540,237,372,4
8,56,"cur",756,448,368,767,4
8,56,"cur",532,359,237,296,4
8,56,"cur",259,297,236,314,4
8,56,"cur",397,589,255,642,4
8,56,"cur",420,290,283,501,4
8,56,"cur",389,253,247,752,4
8,56,"cur",185,265,238,341,4
8,56,"cur",221,317,242,283,4
8,56,"cur",364,587,235,308,4
8,56,"cur",727,295,247,339,4
8,56,"cur",329,342,266,303,4
8,56,"cur",307,302,249,387,4
8,56,"cur",311,289,230,354,4
8,56,"cur",313,324,240,308,4
8,56,"cur",365,314,239,314,4
8,56,"cur",265,315,256,455,4
8,56,"cur",530,268,250,565,4
8,56,"cur",356,298,240,364,4
8,56,"cur",178,259,283,679,4
8,56,"cur",213,245,231,339,4
8,56,"cur",542,353,265,323,4
8,56,"cur",568,305,262,652,4
8,56,"cur",456,410,231,285,4
8,56,"cur",504,677,258,316,4
8,56,"cur",185,532,227,311,4
8,56,"cur",280,401,229,454,4
8,56,"cur",428,293,262,355,4
8,56,"cur",613,457,235,428,4
8,56,"cur",439,338,291,776,4
8,56,"cur",457,267,403,629,4
8,56,"cur",190,274,249,542,4
8,56,"cur",251,637,245,357,4
8,56,"cur",449,265,265,281,4
8,56,"cur",398,276,284,690,4
8,56,"cur",382,411,227,256,4
8,56,"cur",325,266,298,593,4
8,56,"cur",178,273,248,294,4
8,56,"cur",452,324,271,321,4
8,56,"cur",550,246,290,769,4
8,56,"cur",400,271,256,431,4
8,56,"cur",261,533,249,285,4
8,56,"cur",310,311,239,304,4
8,56,"cur",352,292,251,330,4
8,56,"cur",355,257,234,241,4
8,56,"cur",448,271,248,279,4
8,56,"cur",584,439,259,809,4
8,56,"cur",534,310,303,327,4
8,56,"cur",398,258,261,710,4
8,56,"cur",515,264,318,733,4
8,56,"cur",498,552,335,349,4
8,56,"cur",613,337,245,288,4
8,56,"cur",629,307,236,374,4
8,56,"cur",353,429,233,303,4
8,56,"cur",415,276,271,355,4
8,56,"cur",481,265,255,713,4
8,56,"cur",180,251,236,566,4
8,56,"cur",247,255,263,550,4
8,56,"cur",347,260,249,558,4
8,56,"cur",383,268,252,656,4
8,56,"cur",278,507,257,539,4
8,56,"cur",364,278,255,804,4
8,56,"cur",471,246,325,562,4
8,56,"cur",343,266,271,609,4
8,56,"cur",336,306,251,561,4
8,56,"cur",634,448,291,719,4
8,56,"cur",527,253,243,753,4
8,56,"cur",316,291,241,312,4
8,56,"cur",548,258,351,885,4
8,56,"cur",486,438,400,302,4
8,56,"cur",445,386,223,273,4
8,56,"cur",330,246,273,653,4
8,56,"cur",286,555,244,290,4
8,56,"cur",314,454,258,319,4
8,56,"cur",321,353,245,314,4
8,56,"cur",174,299,231,359,4
8,56,"cur",497,427,336,813,4
8,56,"cur",732,292,246,303,4
8,56,"cur",414,280,253,266,4
8,56,"cur",476,286,240,368,4
8,56,"cur",452,554,229,325,4
8,56,"cur",403,474,271,690,4
8,56,"cur",222,673,214,314,4
8,56,"cur",378,261,275,680,4
8,56,"cur",485,288,345,799,4
8,56,"cur",462,278,246,482,4
8,56,"cur",697,445,256,466,4
8,56,"cur",243,276,250,508,4
8,56,"cur",291,367,246,297,4
8,56,"cur",504,356,273,779,4
8,56,"cur",328,278,261,523,4
8,56,"cur",382,285,274,322,4
8,56,"cur",348,315,257,550,4
8,56,"cur",441,374,264,249,4
8,56,"cur",712,341,234,228,4
8,56,"cur",452,278,294,770,4
8,56,"cur",329,353,244,256,4
8,56,"cur",339,308,243,311,4
8,56,"cur",406,295,247,454,4
8,56,"cur",404,353,292,747,4
8,56,"cur",407,458,247,294,4
8,57,"cur",530,482,278,800,4
8,57,"cur",365,414,244,354,4
8,57,"cur",368,347,332,814,4
8,57,"cur",358,257,281,812,4
8,57,"cur",330,337,277,305,4
8,57,"cur",320,496,229,288,4
8,57,"cur",261,633,274,329,4
8,57,"cur",200,377,306,244,4
8,57,"cur",301,269,266,728,4
8,57,"cur",200,250,240,305,4
8,57,"cur",309,290,252,326,4
8,57,"cur",497,322,243,292,4
8,57,"cur",293,349,314,552,4
8,57,"cur",421,271,260,778,4
8,57,"cur",754,338,235,365,4
8,57,"cur",341,290,246,683,4
8,57,"cur",363,289,231,480,4
8,57,"cur",234,272,249,327,4
8,57,"cur",454,394,244,314,4
8,57,"cur",411,353,262,691,4
8,57,"cur",586,347,302,856,4
8,57,"cur",490,560,225,298,4
8,57,"cur",496,294,286,804,4
8,57,"cur",454,391,337,793,4
8,57,"cur",388,241,243,753,4
8,57,"cur",267,272,253,679,4
8,57,"cur",164,328,240,437,4
8,57,"cur",318,296,248,314,4
8,57,"cur",145,260,245,703,4
8,57,"cur",482,261,325,838,4
8,57,"cur",355,439,244,631,4
8,57,"cur",376,441,237,260,4
8,57,"cur",425,514,293,639,4
8,57,"cur",473,467,257,587,4
8,57,"cur",424,294,269,697,4
8,57,"cur",312,252,253,637,4
8,57,"cur",436,332,262,499,4
8,57,"cur",312,255,267,516,4
8,57,"cur",386,262,366,815,4
8,57,"cur",355,289,264,570,4
8,57,"cur",334,285,259,613,4
8,57,"cur",268,258,243,288,4
8,57,"cur",402,258,288,642,4
8,57,"cur",342,288,279,680,4
8,57,"cur",275,285,232,383,4
8,57,"cur",387,401,248,510,4
8,57,"cur",180,513,241,481,4
8,57,"cur",398,422,289,684,4
8,57,"cur",284,338,237,406,4
8,57,"cur",379,440,292,333,4
8,57,"cur",592,275,251,465,4
8,57,"cur",234,257,254,645,4
8,57,"cur",291,296,228,418,4
8,57,"cur",390,414,244,650,4
8,57,"cur",246,547,246,483,4
8,57,"cur",164,249,235,584,4
8,57,"cur",458,371,228,466,4
8,57,"cur",530,289,236,339,4
8,57,"cur",217,252,244,363,4
8,45,"ina",164,314,305,311,3
8,45,"ina",440,300,243,776,3
8,45,"ina",271,517,328,347,3
8,56,"ina",77,348,249,468,3
8,56,"ina",165,436,266,313,3
8,56,"ina",179,334,243,302,3
8,56,"ina",185,294,256,260,3
8,56,"ina",276,294,246,760,3
8,56,"ina",0,454,268,632,3
8,56,"ina",147,569,261,356,3
8,56,"ina",286,297,251,266,3
8,56,"ina",186,415,267,404,3
8,56,"ina",171,434,304,283,3
8,56,"ina",195,378,243,280,3
8,56,"ina",261,499,240,288,3
8,56,"ina",163,278,248,286,3
8,56,"ina",205,295,240,269,3
8,56,"ina",147,334,231,247,3
8,56,"ina",180,528,226,754,3
8,56,"ina",386,613,293,777,3
8,56,"ina",81,332,376,311,3
8,56,"ina",132,527,285,292,3
8,56,"ina",231,401,249,281,3
8,56,"ina",39,479,230,239,3
8,56,"ina",696,399,247,253,3
8,56,"ina",200,337,261,327,3
8,56,"ina",293,413,250,277,3
8,56,"ina",191,374,251,245,3
8,56,"ina",509,342,284,266,3
8,56,"ina",222,391,255,276,3
8,56,"ina",170,265,251,454,3
8,56,"ina",141,309,238,228,3
8,56,"ina",95,317,237,268,3
8,57,"ina",255,415,274,450,3
8,57,"ina",235,574,289,513,3
8,57,"ina",94,367,244,314,3
8,57,"ina",152,342,277,269,3
8,57,"ina",143,390,255,297,3
8,57,"ina",239,660,228,334,3
8,57,"ina",197,435,242,232,3
8,57,"ina",300,417,359,664,3
8,57,"ina",139,356,243,293,3
8,57,"ina",496,279,235,625,3
8,57,"ina",225,400,248,271,3
8,57,"ina",133,275,255,501,3
8,57,"ina",207,594,241,298,3
8,57,"ina",187,583,253,260,3
8,57,"ina",237,401,238,271,3
8,57,"ina",247,313,235,515,3
8,57,"ina",177,297,249,340,3
8,57,"ina",278,523,253,267,3
8,57,"ina",133,408,245,298,3
8,57,"ina",127,406,261,297,3
8,57,"ina",247,407,263,297,3
8,46,"ina",321,412,233,295,1
8,46,"ina",226,508,268,352,1
8,46,"ina",275,284,240,274,1
8,46,"ina",196,471,237,304,1
8,46,"ina",341,373,223,678,1
8,46,"ina",117,360,260,329,1
8,46,"ina",224,423,284,232,1
8,46,"ina",173,509,246,276,1
8,46,"ina",372,299,222,806,1
8,46,"ina",294,318,249,299,1
8,46,"ina",174,492,227,289,1
8,46,"ina",487,334,261,484,1
8,46,"ina",220,518,253,309,1
8,46,"ina",206,314,271,301,1
8,46,"ina",266,315,262,721,1
8,46,"ina",223,545,230,277,1
8,46,"ina",395,570,277,758,1
8,46,"ina",235,377,231,586,1
8,46,"ina",330,338,247,653,1
8,46,"ina",198,327,298,346,1
8,46,"ina",250,258,315,589,1
8,46,"ina",162,558,234,280,1
8,46,"ina",502,479,245,312,1
8,46,"ina",257,391,230,330,1
8,46,"ina",78,348,245,311,1
8,46,"ina",274,564,232,562,1
8,46,"ina",512,414,354,630,1
8,46,"ina",201,418,241,618,1
8,46,"ina",58,509,270,272,1
8,46,"ina",239,330,250,306,1
8,46,"ina",349,469,277,304,1
8,46,"ina",260,377,254,712,1
8,46,"ina",411,515,316,735,1
8,46,"ina",150,287,240,254,1
8,46,"ina",165,373,255,555,1
8,46,"ina",146,335,263,397,1
8,46,"ina",150,411,256,313,1
8,46,"ina",324,320,227,710,1
8,46,"ina",164,444,254,297,1
8,46,"ina",166,458,227,276,1
8,46,"ina",130,517,254,466,1
8,46,"ina",267,512,244,508,1
8,46,"ina",147,363,257,467,1
8,46,"ina",95,450,238,296,1
8,46,"ina",424,445,272,785,1
8,46,"ina",219,467,239,356,1
8,46,"ina",182,485,240,256,1
8,46,"ina",163,333,258,398,1
8,46,"ina",17,407,237,290,1
8,46,"ina",180,505,245,498,1
8,46,"ina",178,385,257,269,1
8,46,"ina",282,641,273,723,1
8,46,"ina",214,318,263,465,1
8,46,"ina",199,443,230,246,1
8,46,"ina",203,479,236,287,1
8,46,"ina",243,389,257,317,1
8,46,"ina",83,605,243,296,1
8,46,"ina",343,441,272,705,1
8,46,"ina",251,353,262,365,1
8,46,"ina",187,414,242,565,1
8,46,"ina",211,427,246,265,1
8,46,"ina",119,379,292,320,1
8,46,"ina",137,503,247,289,1
8,46,"ina",206,405,229,271,1
8,46,"ina",150,438,262,312,1
8,46,"ina",206,362,241,614,1
8,46,"ina",47,428,251,281,1
8,46,"ina",139,378,231,263,1
8,46,"ina",179,456,255,288,1
8,46,"ina",278,551,300,282,1
8,46,"ina",186,364,242,692,1
8,46,"ina",271,266,252,729,1
8,46,"ina",546,368,257,285,1
8,46,"ina",271,501,243,707,1
8,46,"ina",211,395,248,285,1
8,46,"ina",553,286,229,281,1
8,46,"ina",233,564,242,269,1
8,46,"ina",270,408,246,259,1
8,46,"ina",263,281,287,780,1
8,46,"ina",600,303,243,447,1
8,46,"ina",188,328,237,466,1
8,46,"ina",238,694,215,626,1
8,46,"ina",323,549,233,243,1
8,46,"ina",240,330,243,670,1
8,46,"ina",121,611,245,320,1
8,46,"ina",134,476,255,242,1
8,46,"ina",236,266,308,696,1
8,46,"ina",110,307,224,223,1
8,46,"ina",127,331,261,372,1
8,46,"ina",128,491,250,548,1
8,46,"ina",195,397,252,512,1
8,46,"ina",139,349,235,271,1
8,46,"ina",329,255,332,787,1
8,46,"ina",230,326,243,260,1
8,56,"rb",349,402,269,267,2
8,56,"rb",113,268,261,244,2
8,56,"rb",431,308,268,265,2
8,56,"rb",155,263,253,394,2
8,56,"rb",205,441,246,581,2
8,56,"rb",294,253,263,216,2
8,56,"rb",201,282,252,255,2
8,56,"rb",243,347,247,273,2
8,56,"rb",278,258,242,438,2
8,56,"rb",415,247,247,277,2
8,56,"rb",294,581,245,287,2
8,56,"rb",578,324,240,371,2
8,56,"rb",297,363,283,473,2
8,56,"rb",295,328,249,265,2
8,56,"rb",239,485,259,251,2
8,56,"rb",322,332,255,733,2
8,56,"rb",294,587,229,358,2
8,56,"rb",158,317,254,422,2
8,56,"rb",402,330,253,301,2
8,56,"rb",283,247,242,352,2
8,56,"rb",402,403,291,284,2
8,56,"rb",305,253,247,277,2
8,56,"rb",520,250,254,487,2
8,56,"rb",210,295,248,229,2
8,56,"rb",727,326,400,466,2
8,56,"rb",415,555,272,445,2
8,56,"rb",114,275,254,334,2
8,56,"rb",322,315,226,255,2
8,56,"rb",266,283,268,329,2
8,56,"rb",300,288,245,264,2
8,56,"rb",244,318,258,289,2
8,56,"rb",589,249,242,205,2
8,56,"rb",151,279,236,327,2
8,56,"rb",585,246,239,259,2
8,56,"rb",589,537,235,256,2
8,56,"rb",425,489,308,779,2
8,56,"rb",177,669,234,455,2
8,56,"rb",215,391,249,294,2
8,56,"rb",196,283,242,254,2
8,56,"rb",89,376,248,260,2
8,56,"rb",434,388,264,349,2
8,57,"rb",224,416,269,240,2
8,57,"rb",235,249,263,256,2
8,57,"rb",96,271,258,384,2
8,57,"rb",301,267,241,301,2
8,57,"rb",231,501,251,279,2
8,57,"rb",400,563,254,243,2
8,46,"rb",226,419,245,289,0
8,46,"rb",298,561,262,420,0
8,46,"rb",386,672,236,340,0
8,46,"rb",394,584,234,449,0
8,46,"rb",351,643,303,697,0
8,46,"rb",418,622,222,284,0
8,46,"rb",381,636,269,737,0
8,46,"rb",395,591,259,287,0
8,46,"rb",359,623,220,306,0
8,46,"rb",330,365,261,426,0
8,46,"rb",326,529,402,726,0
8,46,"rb",397,503,257,316,0
8,46,"rb",258,708,217,303,0
8,46,"rb",243,590,287,298,0
8,46,"rb",618,675,230,373,0
8,46,"rb",310,279,243,237,0
8,46,"rb",456,675,413,300,0
8,46,"rb",563,590,227,330,0
8,46,"rb",281,374,253,241,0
8,46,"rb",264,441,247,314,0
8,46,"rb",279,556,274,281,0
9,45,"cur",604,468,338,450,4
9,45,"cur",481,472,627,611,4
9,45,"cur",304,294,471,618,4
9,45,"cur",464,319,509,855,4
9,45,"cur",334,367,570,423,4
9,45,"cur",623,331,546,881,4
9,45,"cur",403,389,530,880,4
9,45,"cur",305,490,530,414,4
9,45,"cur",371,308,542,485,4
9,45,"cur",438,398,470,832,4
9,45,"cur",277,405,519,434,4
9,45,"cur",601,287,352,767,4
9,45,"cur",505,448,484,864,4
9,45,"cur",494,346,446,922,4
9,45,"cur",502,266,572,865,4
9,45,"cur",345,295,350,819,4
9,45,"cur",648,378,433,696,4
9,45,"cur",351,276,551,426,4
9,45,"cur",592,521,416,377,4
9,45,"cur",404,367,601,447,4
9,45,"cur",327,322,374,769,4
9,45,"cur",724,584,449,675,4
9,45,"cur",718,496,437,379,4
9,45,"cur",375,258,395,766,4
9,45,"cur",300,328,497,459,4
9,45,"cur",265,606,539,398,4
9,45,"cur",343,263,460,883,4
9,45,"cur",509,333,547,783,4
9,45,"cur",627,315,525,647,4
9,45,"cur",520,315,590,767,4
9,45,"cur",397,380,524,441,4
9,45,"cur",669,438,576,447,4
9,45,"cur",256,371,451,543,4
9,45,"cur",583,694,539,847,4
9,45,"cur",397,389,436,841,4
9,45,"cur",359,487,561,835,4
9,45,"cur",195,280,435,480,4
9,45,"cur",638,270,447,441,4
9,45,"cur",527,321,759,892,4
9,45,"cur",322,280,563,418,4
9,45,"cur",515,261,569,916,4
9,45,"cur",531,404,427,880,4
9,45,"cur",548,255,507,882,4
9,45,"cur",367,360,402,360,4
9,45,"cur",721,353,519,492,4
9,45,"cur",761,412,550,742,4
9,45,"cur",521,322,537,882,4
9,45,"cur",325,270,402,502,4
9,45,"cur",237,311,428,395,4
9,45,"cur",544,548,495,440,4
9,45,"cur",321,428,549,347,4
9,45,"cur",376,270,335,681,4
9,45,"cur",328,296,606,671,4
9,45,"cur",493,337,272,396,4
9,45,"cur",283,630,436,854,4
9,45,"cur",475,298,513,823,4
9,45,"cur",486,400,535,892,4
9,45,"cur",346,295,547,800,4
9,45,"cur",325,273,442,487,4
9,45,"cur",493,370,331,746,4
9,45,"cur",440,297,592,668,4
9,45,"cur",674,615,504,901,4
9,45,"cur",457,269,627,874,4
9,45,"cur",164,264,340,727,4
9,56,"cur",497,248,254,650,4
9,56,"cur",631,576,254,334,4
9,56,"cur",476,300,350,805,4
9,56,"cur",416,296,488,378,4
9,56,"cur",395,508,267,371,4
9,56,"cur",285,312,225,617,4
9,56,"cur",285,335,281,293,4
9,56,"cur",568,308,298,296,4
9,56,"cur",193,383,235,393,4
9,56,"cur",608,466,266,776,4
9,56,"cur",633,448,224,408,4
9,56,"cur",303,275,205,755,4
9,56,"cur",641,373,296,737,4
9,56,"cur",610,495,238,724,4
9,56,"cur",333,263,218,290,4
9,56,"cur",319,527,494,420,4
9,56,"cur",699,435,271,653,4
9,56,"cur",408,247,265,842,4
9,56,"cur",273,257,266,522,4
9,56,"cur",181,427,274,300,4
9,56,"cur",212,327,233,284,4
9,56,"cur",674,289,299,394,4
9,56,"cur",523,589,379,375,4
9,56,"cur",744,496,283,287,4
9,56,"cur",473,454,235,333,4
9,56,"cur",267,318,243,266,4
9,56,"cur",363,280,532,403,4
9,56,"cur",459,258,242,324,4
9,56,"cur",299,334,286,737,4
9,56,"cur",554,256,362,779,4
9,56,"cur",611,250,211,289,4
9,56,"cur",64,288,279,605,4
9,56,"cur",283,371,240,280,4
9,56,"cur",576,542,362,343,4
9,56,"cur",419,500,483,401,4
9,56,"cur",306,346,264,260,4
9,56,"cur",561,341,277,403,4
9,56,"cur",232,258,358,791,4
9,56,"cur",291,338,217,457,4
9,56,"cur",262,270,399,335,4
9,56,"cur",195,274,260,334,4
9,56,"cur",423,262,394,780,4
9,56,"cur",222,382,287,406,4
9,56,"cur",470,340,305,402,4
9,56,"cur",677,431,246,248,4
9,56,"cur",267,273,223,551,4
9,56,"cur",665,390,281,382,4
9,56,"cur",199,587,243,290,4
9,56,"cur",269,493,321,431,4
9,56,"cur",277,350,291,327,4
9,56,"cur",243,250,229,362,4
9,56,"cur",218,515,243,288,4
9,56,"cur",626,332,251,254,4
9,56,"cur",382,625,242,333,4
9,56,"cur",240,277,253,324,4
9,56,"cur",709,323,410,507,4
9,56,"cur",213,512,260,327,4
9,56,"cur",387,556,452,487,4
9,56,"cur",252,297,243,287,4
9,56,"cur",355,424,423,491,4
9,56,"cur",651,565,251,345,4
9,56,"cur",416,285,238,327,4
9,56,"cur",240,272,242,387,4
9,56,"cur",403,525,226,391,4
9,56,"cur",575,285,324,351,4
9,56,"cur",334,334,492,331,4
9,56,"cur",671,389,271,582,4
9,56,"cur",117,400,224,236,4
9,56,"cur",339,290,279,499,4
9,56,"cur",369,515,221,323,4
9,56,"cur",326,489,244,328,4
9,56,"cur",559,258,416,840,4
9,56,"cur",428,453,442,419,4
9,56,"cur",345,332,258,606,4
9,56,"cur",305,322,259,397,4
9,56,"cur",443,266,290,768,4
9,56,"cur",209,290,236,266,4
9,56,"cur",478,294,225,292,4
9,56,"cur",469,290,259,371,4
9,56,"cur",376,344,246,282,4
9,56,"cur",464,311,260,809,4
9,56,"cur",173,329,269,677,4
9,56,"cur",584,304,250,278,4
9,56,"cur",280,328,282,329,4
9,56,"cur",277,280,262,297,4
9,56,"cur",212,247,328,714,4
9,56,"cur",247,256,237,626,4
9,56,"cur",415,357,293,381,4
9,56,"cur",622,341,215,776,4
9,56,"cur",588,522,241,316,4
9,56,"cur",277,402,324,814,4
9,56,"cur",225,329,268,619,4
9,56,"cur",271,399,277,385,4
9,56,"cur",207,380,257,351,4
9,56,"cur",721,534,257,355,4
9,56,"cur",300,453,278,435,4
9,56,"cur",214,311,324,514,4
9,56,"cur",239,418,231,675,4
9,56,"cur",417,524,305,646,4
9,56,"cur",337,256,227,310,4
9,56,"cur",314,327,270,314,4
9,56,"cur",324,357,246,331,4
9,56,"cur",287,310,287,456,4
9,56,"cur",394,326,274,839,4
9,56,"cur",209,539,323,364,4
9,56,"cur",387,236,371,778,4
9,56,"cur",317,407,228,586,4
9,56,"cur",689,467,294,285,4
9,56,"cur",190,292,249,408,4
9,56,"cur",338,283,401,845,4
9,56,"cur",217,388,227,503,4
9,56,"cur",265,607,284,442,4
9,56,"cur",223,304,246,480,4
9,56,"cur",258,303,257,396,4
9,56,"cur",117,295,224,418,4
9,56,"cur",313,484,282,626,4
9,56,"cur",457,292,397,628,4
9,56,"cur",349,270,306,784,4
9,56,"cur",453,289,266,834,4
9,56,"cur",497,428,249,358,4
9,56,"cur",704,326,234,314,4
9,56,"cur",279,255,236,520,4
9,56,"cur",292,380,255,300,4
9,56,"cur",215,489,234,442,4
9,56,"cur",264,260,246,234,4
9,56,"cur",348,618,296,395,4
9,56,"cur",212,403,341,404,4
9,56,"cur",314,278,324,516,4
9,56,"cur",365,575,269,304,4
9,56,"cur",468,258,439,837,4
9,56,"cur",223,428,261,581,4
9,56,"cur",406,542,284,376,4
9,56,"cur",356,520,274,352,4
9,56,"cur",659,304,263,251,4
9,56,"cur",482,255,337,799,4
9,56,"cur",283,383,264,767,4
9,56,"cur",180,248,402,862,4
9,56,"cur",389,308,256,757,4
9,56,"cur",391,317,292,740,4
9,56,"cur",317,353,279,443,4
9,56,"cur",230,441,308,430,4
9,56,"cur",252,313,249,344,4
9,56,"cur",656,418,254,256,4
9,56,"cur",594,305,512,766,4
9,56,"cur",262,344,271,349,4
9,56,"cur",354,279,275,511,4
9,56,"cur",299,291,227,626,4
9,56,"cur",358,422,489,381,4
9,56,"cur",422,365,263,304,4
9,56,"cur",396,273,388,857,4
9,56,"cur",201,350,327,358,4
9,56,"cur",667,435,250,302,4
9,56,"cur",315,305,269,416,4
9,56,"cur",719,272,260,437,4
9,56,"cur",324,484,259,317,4
9,56,"cur",125,258,284,490,4
9,56,"cur",319,272,245,274,4
9,56,"cur",206,476,238,310,4
9,56,"cur",126,322,231,291,4
9,56,"cur",502,643,303,411,4
9,56,"cur",136,323,227,540,4
9,56,"cur",510,337,475,811,4
9,56,"cur",184,399,264,339,4
9,56,"cur",210,340,238,787,4
9,56,"cur",480,359,297,319,4
9,56,"cur",220,277,260,581,4
9,56,"cur",391,269,525,348,4
9,56,"cur",455,346,305,740,4
9,56,"cur",262,393,307,338,4
9,56,"cur",194,453,362,605,4
9,56,"cur",347,305,257,317,4
9,56,"cur",456,592,242,807,4
9,56,"cur",754,345,302,393,4
9,56,"cur",118,292,280,379,4
9,56,"cur",408,266,304,329,4
9,56,"cur",673,367,252,336,4
9,56,"cur",259,428,240,354,4
9,56,"cur",253,553,233,340,4
9,56,"cur",315,269,365,563,4
9,56,"cur",184,471,272,404,4
9,56,"cur",434,378,393,874,4
9,56,"cur",254,285,283,280,4
9,56,"cur",229,417,233,317,4
9,56,"cur",417,621,238,311,4
9,56,"cur",269,282,327,856,4
9,56,"cur",395,267,388,807,4
9,56,"cur",196,339,238,330,4
9,56,"cur",320,324,250,338,4
9,56,"cur",395,367,251,247,4
9,56,"cur",428,262,234,749,4
9,56,"cur",157,281,236,494,4
9,56,"cur",335,318,258,235,4
9,56,"cur",96,333,296,414,4
9,56,"cur",482,355,458,370,4
9,56,"cur",379,331,320,377,4
9,56,"cur",721,528,262,245,4
9,56,"cur",679,340,268,283,4
9,56,"cur",468,291,283,779,4
9,56,"cur",371,328,393,365,4
9,56,"cur",248,331,236,326,4
9,56,"cur",261,311,218,228,4
9,56,"cur",360,382,282,396,4
9,56,"cur",378,264,324,333,4
9,56,"cur",331,337,275,286,4
9,56,"cur",434,300,477,388,4
9,56,"cur",144,253,262,345,4
9,56,"cur",570,237,497,879,4
9,56,"cur",228,268,234,677,4
9,56,"cur",510,265,262,283,4
9,56,"cur",208,301,241,317,4
9,56,"cur",212,296,269,252,4
9,56,"cur",284,291,322,609,4
9,56,"cur",531,327,246,290,4
9,56,"cur",387,352,230,412,4
9,56,"cur",315,358,253,744,4
9,56,"cur",642,358,235,600,4
9,56,"cur",279,470,253,571,4
9,56,"cur",180,258,341,804,4
9,56,"cur",403,315,233,337,4
9,56,"cur",742,319,235,481,4
9,56,"cur",294,522,436,404,4
9,56,"cur",394,308,285,757,4
9,56,"cur",372,534,293,342,4
9,56,"cur",419,261,284,729,4
9,56,"cur",684,528,268,295,4
9,56,"cur",279,269,243,455,4
9,56,"cur",245,304,260,301,4
9,56,"cur",371,253,353,750,4
9,56,"cur",289,282,234,495,4
9,56,"cur",382,317,294,423,4
9,56,"cur",306,522,262,385,4
9,56,"cur",360,261,390,446,4
9,56,"cur",413,287,248,408,4
9,56,"cur",245,581,256,282,4
9,56,"cur",727,477,234,269,4
9,56,"cur",506,323,292,705,4
9,56,"cur",241,290,275,542,4
9,56,"cur",262,378,253,317,4
9,56,"cur",105,253,279,621,4
9,56,"cur",369,358,255,265,4
9,56,"cur",393,258,313,623,4
9,56,"cur",168,247,239,307,4
9,57,"cur",316,258,212,723,4
9,57,"cur",423,269,324,800,4
9,57,"cur",227,270,301,583,4
9,57,"cur",219,251,266,596,4
9,57,"cur",164,436,257,716,4
9,57,"cur",248,286,281,536,4
9,57,"cur",384,425,298,313,4
9,57,"cur",195,384,196,372,4
9,57,"cur",479,350,331,333,4
9,57,"cur",353,356,257,380,4
9,57,"cur",613,264,339,692,4
9,57,"cur",336,361,321,374,4
9,57,"cur",385,437,233,566,4
9,57,"cur",187,312,263,513,4
9,57,"cur",366,299,298,810,4
9,57,"cur",581,312,294,321,4
9,57,"cur",142,280,283,364,4
9,57,"cur",318,295,285,361,4
9,57,"cur",654,420,307,448,4
9,57,"cur",226,258,216,298,4
9,57,"cur",358,400,290,363,4
9,57,"cur",414,309,303,754,4
9,57,"cur",223,270,261,604,4
9,57,"cur",285,261,217,296,4
9,57,"cur",437,426,274,308,4
9,57,"cur",295,322,292,834,4
9,57,"cur",732,378,319,529,4
9,57,"cur",454,306,260,338,4
9,57,"cur",364,346,275,590,4
9,57,"cur",612,259,257,660,4
9,57,"cur",560,308,230,485,4
9,57,"cur",280,298,245,348,4
9,57,"cur",433,390,242,283,4
9,57,"cur",452,296,369,774,4
9,57,"cur",329,359,237,332,4
9,57,"cur",253,720,310,328,4
9,57,"cur",617,528,292,364,4
9,57,"cur",297,688,259,728,4
9,57,"cur",365,275,309,560,4
9,57,"cur",459,618,322,355,4
9,57,"cur",222,340,264,344,4
9,57,"cur",352,266,336,700,4
9,57,"cur",333,409,242,342,4
9,57,"cur",396,309,283,424,4
9,57,"cur",478,257,355,789,4
9,57,"cur",244,428,239,270,4
9,57,"cur",282,456,349,557,4
9,57,"cur",741,380,304,351,4
9,57,"cur",404,335,275,662,4
9,57,"cur",427,299,249,324,4
9,57,"cur",569,572,255,397,4
9,57,"cur",91,263,228,669,4
9,57,"cur",314,402,260,599,4
9,57,"cur",244,322,237,307,4
9,57,"cur",332,408,342,368,4
9,57,"cur",748,467,249,316,4
9,57,"cur",239,571,250,298,4
9,57,"cur",436,272,507,641,4
9,57,"cur",183,475,316,341,4
9,57,"cur",456,348,302,540,4
9,57,"cur",355,558,324,803,4
9,57,"cur",333,477,241,303,4
9,57,"cur",400,458,340,433,4
9,57,"cur",501,331,315,837,4
9,57,"cur",440,273,206,713,4
9,57,"cur",167,261,459,789,4
9,57,"cur",269,387,243,452,4
9,57,"cur",200,509,218,354,4
9,57,"cur",153,345,313,470,4
9,57,"cur",444,435,234,287,4
9,57,"cur",330,342,334,574,4
9,57,"cur",148,267,292,693,4
9,57,"cur",336,263,272,800,4
9,57,"cur",708,358,235,816,4
9,57,"cur",567,310,296,313,4
9,57,"cur",470,358,242,429,4
9,57,"cur",283,293,247,274,4
9,57,"cur",255,369,267,586,4
9,57,"cur",296,255,222,738,4
9,57,"cur",250,399,273,348,4
9,57,"cur",362,394,245,570,4
9,57,"cur",517,258,369,829,4
9,57,"cur",246,406,260,486,4
9,57,"cur",246,275,259,332,4
9,57,"cur",181,382,288,587,4
9,57,"cur",345,314,351,281,4
9,57,"cur",289,256,209,703,4
9,57,"cur",448,417,318,400,4
9,57,"cur",389,335,262,375,4
9,57,"cur",411,318,264,733,4
9,57,"cur",376,297,319,729,4
9,57,"cur",381,413,244,572,4
9,57,"cur",311,292,288,322,4
9,57,"cur",426,297,264,793,4
9,57,"cur",380,275,218,715,4
9,57,"cur",520,382,439,797,4
9,57,"cur",441,351,211,548,4
9,57,"cur",229,332,262,593,4
9,57,"cur",246,439,229,274,4
9,57,"cur",244,306,279,605,4
9,57,"cur",211,277,314,760,4
9,57,"cur",395,272,257,495,4
9,57,"cur",194,349,229,323,4
9,57,"cur",451,250,283,704,4
9,57,"cur",255,257,267,314,4
9,57,"cur",485,309,327,778,4
9,57,"cur",416,371,257,556,4
9,57,"cur",97,293,281,793,4
9,45,"ina",732,408,460,344,3
9,45,"ina",634,381,528,417,3
9,45,"ina",238,487,520,367,3
9,45,"ina",250,334,477,671,3
9,45,"ina",286,412,542,381,3
9,45,"ina",152,492,328,551,3
9,45,"ina",117,325,519,349,3
9,45,"ina",182,396,511,352,3
9,45,"ina",141,343,470,459,3
9,45,"ina",238,383,453,326,3
9,45,"ina",146,428,336,420,3
9,45,"ina",196,329,522,364,3
9,45,"ina",238,394,486,347,3
9,45,"ina",272,352,527,506,3
9,45,"ina",187,337,498,348,3
9,45,"ina",250,429,473,397,3
9,45,"ina",269,367,487,451,3
9,45,"ina",218,350,559,368,3
9,56,"ina",150,525,230,353,3
9,56,"ina",168,459,346,330,3
9,56,"ina",149,296,297,283,3
9,56,"ina",272,304,243,258,3
9,56,"ina",208,272,259,319,3
9,56,"ina",220,380,284,433,3
9,56,"ina",272,643,227,436,3
9,56,"ina",222,459,295,368,3
9,56,"ina",306,353,236,403,3
9,56,"ina",369,407,245,279,3
9,56,"ina",245,405,297,291,3
9,56,"ina",644,417,262,312,3
9,56,"ina",223,261,517,854,3
9,56,"ina",326,366,289,492,3
9,56,"ina",184,413,219,265,3
9,56,"ina",270,341,272,292,3
9,56,"ina",80,620,236,323,3
9,56,"ina",475,300,260,278,3
9,56,"ina",645,476,258,263,3
9,56,"ina",388,533,217,232,3
9,56,"ina",188,324,368,330,3
9,56,"ina",255,455,434,539,3
9,56,"ina",677,342,256,377,3
9,56,"ina",214,362,234,326,3
9,56,"ina",188,303,249,355,3
9,56,"ina",280,333,244,389,3
9,56,"ina",286,499,287,359,3
9,56,"ina",273,298,244,606,3
9,56,"ina",210,327,284,417,3
9,56,"ina",214,416,291,262,3
9,56,"ina",204,335,254,234,3
9,56,"ina",419,288,278,821,3
9,56,"ina",328,361,274,272,3
9,56,"ina",571,403,228,295,3
9,56,"ina",183,342,262,267,3
9,56,"ina",187,318,255,289,3
9,56,"ina",233,418,314,330,3
9,56,"ina",585,359,381,353,3
9,56,"ina",327,376,262,366,3
9,56,"ina",706,458,264,313,3
9,56,"ina",164,425,368,356,3
9,56,"ina",97,334,344,336,3
9,56,"ina",95,555,219,570,3
9,56,"ina",159,302,270,300,3
9,56,"ina",264,363,278,311,3
9,56,"ina",270,371,239,333,3
9,56,"ina",655,314,246,627,3
9,56,"ina",160,347,279,329,3
9,56,"ina",162,600,221,276,3
9,56,"ina",220,376,326,302,3
9,56,"ina",230,420,308,376,3
9,56,"ina",165,419,267,293,3
9,56,"ina",215,516,236,649,3
9,56,"ina",177,421,462,359,3
9,56,"ina",168,292,268,317,3
9,56,"ina",128,390,284,315,3
9,56,"ina",659,497,234,350,3
9,56,"ina",181,425,245,330,3
9,56,"ina",331,275,229,663,3
9,57,"ina",241,356,497,313,3
9,57,"ina",134,503,261,329,3
9,57,"ina",166,329,517,321,3
9,57,"ina",140,299,454,311,3
9,57,"ina",317,300,401,846,3
9,57,"ina",163,401,318,345,3
9,57,"ina",190,389,342,383,3
9,57,"ina",153,288,300,645,3
9,57,"ina",130,368,315,338,3
9,57,"ina",189,419,363,284,3
9,57,"ina",105,342,239,296,3
9,57,"ina",278,579,272,222,3
9,57,"ina",101,420,301,359,3
9,57,"ina",130,313,238,271,3
9,57,"ina",164,471,310,304,3
9,57,"ina",218,433,299,399,3
9,57,"ina",207,406,245,255,3
9,57,"ina",257,404,420,324,3
9,57,"ina",229,401,315,308,3
9,46,"ina",357,541,464,756,1
9,46,"ina",296,492,401,722,1
9,46,"ina",262,427,271,306,1
9,46,"ina",217,436,202,284,1
9,46,"ina",224,548,247,388,1
9,46,"ina",198,427,525,448,1
9,46,"ina",400,457,420,796,1
9,46,"ina",220,356,590,369,1
9,46,"ina",321,431,406,738,1
9,46,"ina",422,301,335,785,1
9,46,"ina",202,540,253,288,1
9,46,"ina",281,394,425,547,1
9,46,"ina",241,558,240,285,1
9,46,"ina",182,307,405,578,1
9,46,"ina",281,391,333,675,1
9,46,"ina",151,343,435,501,1
9,46,"ina",466,427,262,658,1
9,46,"ina",193,591,401,738,1
9,46,"ina",188,373,323,763,1
9,46,"ina",199,450,492,374,1
9,45,"rb",349,273,442,759,2
9,45,"rb",260,326,431,330,2
9,45,"rb",228,296,579,498,2
9,45,"rb",248,288,376,427,2
9,45,"rb",708,541,346,694,2
9,45,"rb",727,279,430,771,2
9,56,"rb",281,303,244,807,2
9,56,"rb",310,456,257,278,2
9,56,"rb",304,252,300,375,2
9,56,"rb",290,559,250,432,2
9,56,"rb",301,457,262,263,2
9,56,"rb",426,386,230,269,2
9,56,"rb",340,358,409,489,2
9,56,"rb",182,282,343,443,2
9,56,"rb",269,360,289,657,2
9,56,"rb",109,652,256,313,2
9,56,"rb",143,312,316,305,2
9,56,"rb",257,488,269,314,2
9,56,"rb",177,295,259,458,2
9,56,"rb",158,613,222,256,2
9,56,"rb",192,267,285,345,2
9,56,"rb",210,538,295,246,2
9,56,"rb",568,376,258,702,2
9,56,"rb",360,296,286,362,2
9,56,"rb",568,252,513,764,2
9,56,"rb",201,403,241,270,2
9,56,"rb",300,345,217,254,2
9,56,"rb",469,243,312,853,2
9,56,"rb",310,354,249,320,2
9,56,"rb",325,289,364,415,2
9,57,"rb",659,520,303,444,2
9,57,"rb",358,594,249,414,2
9,57,"rb",392,319,274,249,2
9,57,"rb",294,330,242,367,2
9,46,"rb",493,684,344,852,0
9,46,"rb",393,285,377,854,0
9,46,"rb",256,312,259,725,0
9,46,"rb",545,670,392,673,0
9,46,"rb",234,426,288,530,0
9,46,"rb",369,281,387,758,0
9,46,"rb",219,505,340,645,0
11,45,"cur",227,345,254,339,4
11,45,"cur",730,507,249,414,4
11,45,"cur",321,297,250,542,4
11,45,"cur",123,498,271,543,4
11,45,"cur",691,306,249,449,4
11,45,"cur",674,464,266,369,4
11,45,"cur",241,350,253,391,4
11,45,"cur",157,277,234,370,4
11,45,"cur",343,298,243,426,4
11,45,"cur",739,349,229,340,4
11,45,"cur",404,391,264,854,4
11,45,"cur",691,361,236,685,4
11,45,"cur",533,269,237,656,4
11,45,"cur",285,329,244,331,4
11,45,"cur",282,420,259,517,4
11,45,"cur",407,389,234,361,4
11,45,"cur",222,458,253,306,4
11,45,"cur",449,284,178,782,4
11,45,"cur",270,523,288,756,4
11,45,"cur",230,266,241,714,4
11,45,"cur",132,301,225,679,4
11,45,"cur",232,433,237,491,4
11,45,"cur",477,354,257,343,4
11,45,"cur",269,501,238,413,4
11,45,"cur",100,386,265,483,4
11,45,"cur",449,266,226,726,4
11,45,"cur",751,405,236,401,4
11,45,"cur",286,340,235,412,4
11,45,"cur",204,505,234,576,4
11,45,"cur",324,494,241,416,4
11,45,"cur",693,490,155,881,4
11,45,"cur",209,318,248,333,4
11,45,"cur",393,402,234,681,4
11,45,"cur",177,274,235,574,4
11,45,"cur",299,319,259,528,4
11,45,"cur",268,301,240,380,4
11,45,"cur",274,266,245,460,4
11,45,"cur",703,463,241,582,4
11,45,"cur",220,523,240,466,4
11,45,"cur",327,288,243,431,4
11,45,"cur",182,299,248,329,4
11,45,"cur",366,352,233,700,4
11,45,"cur",239,269,227,751,4
11,45,"cur",329,267,239,391,4
11,45,"cur",523,398,256,350,4
11,45,"cur",286,322,251,698,4
11,45,"cur",694,334,237,307,4
11,45,"cur",327,500,262,464,4
11,45,"cur",206,480,244,317,4
11,45,"cur",364,277,236,713,4
11,45,"cur",695,431,235,410,4
11,45,"cur",160,373,233,464,4
11,45,"cur",176,268,239,626,4
11,45,"cur",191,344,246,476,4
11,45,"cur",241,488,248,849,4
11,45,"cur",529,349,244,816,4
11,45,"cur",515,551,243,302,4
11,45,"cur",236,293,252,381,4
11,45,"cur",239,510,249,435,4
11,45,"cur",730,441,249,355,4
11,45,"cur",205,369,251,353,4
11,45,"cur",382,270,235,803,4
11,45,"cur",139,282,239,336,4
11,45,"cur",801,318,238,407,4
11,45,"cur",594,363,252,376,4
11,45,"cur",436,365,257,791,4
11,45,"cur",650,426,258,411,4
11,45,"cur",685,337,259,375,4
11,45,"cur",535,276,178,860,4
11,45,"cur",141,261,257,750,4
11,45,"cur",272,349,257,729,4
11,45,"cur",703,281,215,775,4
11,45,"cur",186,266,206,809,4
11,45,"cur",509,306,245,477,4
11,45,"cur",385,425,248,355,4
11,45,"cur",378,357,245,281,4
11,45,"cur",224,521,238,356,4
11,45,"cur",357,325,242,393,4
11,45,"cur",459,365,257,828,4
11,45,"cur",289,586,251,553,4
11,45,"cur",203,351,272,528,4
11,45,"cur",486,253,236,852,4
11,45,"cur",558,309,236,438,4
11,45,"cur",714,391,255,423,4
11,45,"cur",449,300,246,443,4
11,45,"cur",282,293,224,802,4
11,45,"cur",110,351,233,373,4
11,45,"cur",636,332,244,827,4
11,45,"cur",198,429,264,604,4
11,45,"cur",369,327,252,437,4
11,45,"cur",670,324,237,518,4
11,45,"cur",708,371,237,511,4
11,45,"cur",694,443,246,575,4
11,45,"cur",396,434,265,331,4
11,45,"cur",633,328,232,470,4
11,45,"cur",97,298,248,410,4
11,45,"cur",209,575,239,397,4
11,45,"cur",489,391,217,746,4
11,45,"cur",340,274,168,851,4
11,45,"cur",178,558,253,380,4
11,45,"cur",524,329,224,870,4
11,45,"cur",229,324,260,815,4
11,45,"cur",299,344,260,377,4
11,45,"cur",414,254,190,812,4
11,45,"cur",612,295,262,411,4
11,45,"cur",442,414,249,373,4
11,45,"cur",359,295,223,699,4
11,45,"cur",487,309,246,390,4
11,45,"cur",606,384,247,292,4
11,45,"cur",528,335,193,856,4
11,45,"cur",759,483,247,406,4
11,45,"cur",176,400,244,603,4
11,45,"cur",730,449,239,374,4
11,45,"cur",417,501,231,377,4
11,45,"cur",137,492,251,452,4
11,45,"cur",313,287,236,751,4
11,45,"cur",725,407,240,408,4
11,45,"cur",502,404,237,396,4
11,45,"cur",291,296,253,316,4
11,45,"cur",755,353,241,394,4
11,45,"cur",460,309,245,477,4
11,45,"cur",632,275,244,519,4
11,45,"cur",600,396,241,402,4
11,45,"cur",339,279,238,781,4
11,45,"cur",666,314,245,771,4
11,45,"cur",126,336,224,791,4
11,45,"cur",326,372,243,444,4
11,45,"cur",667,387,242,376,4
11,45,"cur",422,303,237,391,4
11,45,"cur",201,395,229,521,4
11,45,"cur",429,430,242,434,4
11,45,"cur",327,294,249,369,4
11,45,"cur",150,325,217,745,4
11,45,"cur",250,297,245,312,4
11,45,"cur",321,352,249,336,4
11,45,"cur",400,530,238,338,4
11,45,"cur",400,526,262,709,4
11,45,"cur",532,546,239,386,4
11,45,"cur",633,290,189,835,4
11,45,"cur",388,405,257,402,4
11,45,"cur",679,352,226,698,4
11,45,"cur",373,442,245,706,4
11,45,"cur",546,309,246,384,4
11,45,"cur",445,290,231,776,4
11,45,"cur",106,332,245,670,4
11,45,"cur",702,472,245,445,4
11,45,"cur",181,395,258,655,4
11,45,"cur",377,290,224,701,4
11,45,"cur",125,285,267,585,4
11,45,"cur",621,428,190,792,4
11,45,"cur",710,431,231,622,4
11,45,"cur",654,337,211,716,4
11,45,"cur",603,302,189,787,4
11,45,"cur",742,322,150,877,4
11,45,"cur",339,421,239,454,4
11,45,"cur",135,345,244,365,4
11,45,"cur",415,359,182,793,4
11,45,"cur",247,264,246,325,4
11,45,"cur",240,316,248,502,4
11,45,"cur",148,303,247,403,4
11,45,"cur",339,325,239,456,4
11,45,"cur",79,555,240,337,4
11,45,"cur",235,342,238,405,4
11,45,"cur",290,600,237,516,4
11,45,"cur",723,496,248,364,4
11,45,"cur",445,372,219,735,4
11,45,"cur",120,592,194,825,4
11,45,"cur",350,393,254,632,4
11,45,"cur",623,310,238,500,4
11,45,"cur",150,460,235,489,4
11,45,"cur",366,304,249,508,4
11,45,"cur",314,470,210,783,4
11,45,"cur",662,445,237,302,4
11,45,"cur",714,284,245,354,4
11,45,"cur",126,551,253,354,4
11,45,"cur",367,528,253,405,4
11,45,"cur",465,266,183,803,4
11,45,"cur",218,376,248,281,4
11,45,"cur",106,616,252,543,4
11,45,"cur",320,406,241,439,4
11,45,"cur",532,311,244,314,4
11,45,"cur",117,332,241,468,4
11,45,"cur",595,318,254,672,4
11,45,"cur",514,376,250,301,4
11,45,"cur",482,348,243,363,4
11,45,"cur",321,373,236,275,4
11,45,"cur",113,347,256,464,4
11,45,"cur",376,273,247,660,4
11,45,"cur",631,330,252,327,4
11,45,"cur",129,518,262,417,4
11,45,"cur",568,395,231,335,4
11,45,"cur",281,334,241,556,4
11,45,"cur",210,322,263,374,4
11,45,"cur",105,533,249,541,4
11,45,"cur",184,338,237,349,4
11,45,"cur",106,503,232,382,4
11,45,"cur",101,547,247,401,4
11,45,"cur",629,280,238,409,4
11,45,"cur",243,323,245,396,4
11,45,"cur",522,249,164,840,4
11,45,"cur",688,319,239,384,4
11,45,"cur",695,414,235,337,4
11,45,"cur",562,256,259,862,4
11,45,"cur",584,349,243,353,4
11,45,"cur",698,383,227,501,4
11,45,"cur",296,368,224,411,4
11,45,"cur",328,409,244,563,4
11,45,"cur",619,471,239,476,4
11,45,"cur",564,254,131,932,4
11,45,"cur",125,314,236,392,4
11,45,"cur",335,335,233,444,4
11,45,"cur",591,400,243,387,4
11,45,"cur",288,288,251,384,4
11,45,"cur",364,422,235,344,4
11,45,"cur",206,371,228,729,4
11,45,"cur",185,277,241,529,4
11,45,"cur",610,302,253,345,4
11,45,"cur",666,437,246,354,4
11,45,"cur",382,479,209,778,4
11,45,"cur",514,320,247,313,4
11,45,"cur",225,435,245,676,4
11,45,"cur",403,304,230,302,4
11,45,"cur",726,473,206,847,4
11,45,"cur",623,296,249,433,4
11,45,"cur",588,448,257,361,4
11,45,"cur",712,387,265,524,4
11,45,"cur",389,375,233,728,4
11,45,"cur",425,306,226,829,4
11,45,"cur",314,431,219,583,4
11,45,"cur",293,480,243,479,4
11,45,"cur",176,284,234,371,4
11,45,"cur",182,351,250,416,4
11,45,"cur",100,463,259,338,4
11,45,"cur",34,311,246,330,4
11,45,"cur",87,536,260,477,4
11,45,"cur",692,476,239,360,4
11,45,"cur",231,265,217,727,4
11,45,"cur",220,249,249,636,4
11,45,"cur",261,330,239,597,4
11,45,"cur",627,290,244,367,4
11,45,"cur",295,315,203,779,4
11,45,"cur",375,300,258,733,4
11,45,"cur",469,301,254,749,4
11,45,"cur",464,320,236,372,4
11,45,"cur",50,302,243,377,4
11,45,"cur",570,373,247,752,4
11,45,"cur",163,335,230,409,4
11,45,"cur",278,285,256,550,4
11,45,"cur",395,270,235,804,4
11,45,"cur",585,397,248,371,4
11,45,"cur",552,287,261,301,4
11,45,"cur",460,249,233,827,4
11,45,"cur",230,279,229,425,4
11,45,"cur",160,372,223,582,4
11,45,"cur",677,318,253,744,4
11,45,"cur",551,275,249,360,4
11,45,"cur",455,344,199,828,4
11,45,"cur",671,279,177,826,4
11,45,"cur",421,296,242,585,4
11,45,"cur",579,322,249,543,4
11,45,"cur",355,299,234,714,4
11,45,"cur",463,332,248,613,4
11,45,"cur",293,370,245,679,4
11,45,"cur",559,454,251,332,4
11,45,"cur",712,356,245,305,4
11,45,"cur",224,381,311,807,4
11,45,"cur",369,315,246,396,4
11,45,"cur",704,402,238,434,4
11,45,"cur",680,350,268,481,4
11,45,"cur",796,413,257,379,4
11,45,"cur",435,332,240,454,4
11,45,"cur",272,577,245,631,4
11,45,"cur",444,274,264,784,4
11,45,"cur",349,287,237,482,4
11,45,"cur",354,395,243,458,4
11,45,"cur",330,331,244,807,4
11,45,"cur",687,508,246,403,4
11,45,"cur",431,409,215,657,4
11,45,"cur",409,349,237,419,4
11,45,"cur",426,277,249,789,4
11,45,"cur",316,533,187,799,4
11,45,"cur",546,314,207,745,4
11,45,"cur",469,434,238,787,4
11,45,"cur",276,386,241,507,4
11,45,"cur",537,351,262,455,4
11,45,"cur",626,307,261,487,4
11,45,"cur",140,394,228,407,4
11,45,"cur",254,369,262,352,4
11,45,"cur",617,394,231,468,4
11,45,"cur",168,330,246,280,4
11,45,"cur",311,369,251,341,4
11,45,"cur",668,328,243,386,4
11,45,"cur",134,341,234,387,4
11,45,"cur",183,331,239,331,4
11,45,"cur",301,264,244,809,4
11,45,"cur",112,352,244,374,4
11,45,"cur",565,361,253,409,4
11,45,"cur",265,356,265,623,4
11,45,"cur",322,289,224,741,4
11,45,"cur",253,309,287,578,4
11,45,"cur",227,355,254,357,4
11,45,"cur",424,531,254,363,4
11,45,"cur",366,282,250,574,4
11,45,"cur",170,491,227,639,4
11,45,"cur",496,280,202,810,4
11,45,"cur",687,387,261,277,4
11,45,"cur",763,342,246,345,4
11,45,"cur",316,645,241,489,4
11,45,"cur",423,284,185,873,4
11,45,"cur",462,519,253,411,4
11,45,"cur",532,275,179,870,4
11,45,"cur",328,273,226,691,4
11,45,"cur",610,322,249,360,4
11,45,"cur",304,379,274,672,4
11,45,"cur",237,424,255,659,4
11,45,"cur",291,308,243,425,4
11,45,"cur",285,362,248,469,4
11,45,"cur",246,254,238,345,4
11,45,"cur",196,528,295,691,4
11,45,"cur",528,438,250,387,4
11,45,"cur",257,291,200,858,4
11,45,"cur",476,287,243,334,4
11,45,"cur",459,257,234,842,4
11,45,"cur",292,286,231,628,4
11,45,"cur",259,252,215,806,4
11,45,"cur",240,342,245,363,4
11,45,"cur",301,286,244,511,4
11,45,"cur",55,272,238,372,4
11,45,"cur",473,409,268,686,4
11,45,"cur",510,585,242,402,4
11,45,"cur",597,282,237,704,4
11,45,"cur",595,387,198,676,4
11,45,"cur",419,494,273,467,4
11,45,"cur",523,700,206,681,4
11,45,"cur",262,358,254,319,4
11,45,"cur",359,381,255,487,4
11,45,"cur",458,363,231,695,4
11,45,"cur",253,445,242,396,4
11,45,"cur",143,554,231,429,4
11,45,"cur",258,394,277,605,4
11,45,"cur",197,401,236,375,4
11,45,"cur",701,398,259,325,4
11,45,"cur",336,264,243,504,4
11,45,"cur",617,300,252,299,4
11,45,"cur",350,595,243,312,4
11,45,"cur",85,286,253,313,4
11,45,"cur",572,246,233,906,4
11,45,"cur",747,617,234,357,4
11,45,"cur",478,293,241,287,4
11,45,"cur",574,400,239,415,4
11,45,"cur",273,396,243,607,4
11,45,"cur",404,330,269,748,4
11,45,"cur",160,454,241,300,4
11,45,"cur",565,271,234,369,4
11,45,"cur",469,426,218,833,4
11,45,"cur",335,307,246,524,4
11,45,"cur",550,309,250,575,4
11,45,"cur",484,318,243,798,4
11,45,"cur",223,449,250,423,4
11,45,"cur",685,276,237,612,4
11,45,"cur",695,346,258,427,4
11,45,"cur",174,451,244,301,4
11,45,"cur",322,357,267,479,4
11,45,"cur",700,532,232,281,4
11,45,"cur",576,405,249,398,4
11,45,"cur",424,294,247,728,4
11,45,"cur",203,360,250,599,4
11,45,"cur",789,531,253,309,4
11,45,"cur",99,487,245,338,4
11,45,"cur",238,455,238,344,4
11,45,"cur",201,288,251,405,4
11,45,"cur",372,240,212,844,4
11,45,"cur",255,609,244,475,4
11,45,"cur",493,266,230,839,4
11,45,"cur",725,368,240,290,4
11,45,"cur",456,479,231,352,4
11,45,"cur",298,299,242,381,4
11,45,"cur",312,274,262,462,4
11,45,"cur",770,348,251,298,4
11,45,"cur",708,383,245,430,4
11,45,"cur",850,378,264,317,4
11,45,"cur",442,459,178,847,4
11,45,"cur",654,334,228,774,4
11,45,"cur",323,341,245,428,4
11,45,"cur",162,284,240,341,4
11,45,"cur",297,395,245,608,4
11,56,"cur",161,275,254,415,4
11,56,"cur",298,395,248,386,4
11,56,"cur",227,284,267,515,4
11,56,"cur",60,444,261,469,4
11,56,"cur",422,326,265,499,4
11,56,"cur",382,344,242,488,4
11,56,"cur",222,281,276,494,4
11,56,"cur",279,428,396,875,4
11,56,"cur",326,373,264,328,4
11,56,"cur",316,435,237,370,4
11,56,"cur",550,500,251,795,4
11,56,"cur",291,298,246,391,4
11,56,"cur",520,276,282,826,4
11,56,"cur",757,371,296,768,4
11,56,"cur",225,531,288,744,4
11,56,"cur",218,302,232,549,4
11,56,"cur",126,373,236,253,4
11,56,"cur",290,422,236,341,4
11,56,"cur",475,295,286,868,4
11,56,"cur",642,361,287,618,4
11,56,"cur",228,383,266,339,4
11,56,"cur",284,344,247,314,4
11,56,"cur",159,307,260,485,4
11,56,"cur",687,441,264,655,4
11,56,"cur",394,426,266,360,4
11,56,"cur",115,290,250,403,4
11,56,"cur",523,405,360,842,4
11,56,"cur",184,396,251,328,4
11,56,"cur",634,263,300,765,4
11,56,"cur",694,473,282,554,4
11,56,"cur",234,341,388,761,4
11,56,"cur",366,341,325,841,4
11,56,"cur",147,316,261,619,4
11,56,"cur",687,350,241,654,4
11,56,"cur",285,289,241,730,4
11,56,"cur",294,272,295,752,4
11,56,"cur",653,386,253,298,4
11,56,"cur",511,410,403,875,4
11,56,"cur",450,333,238,229,4
11,56,"cur",736,341,247,219,4
11,56,"cur",736,345,245,291,4
11,56,"cur",491,522,226,339,4
11,56,"cur",121,347,275,469,4
11,56,"cur",299,488,288,365,4
11,56,"cur",410,406,248,394,4
11,56,"cur",369,347,223,727,4
11,56,"cur",760,430,280,723,4
11,56,"cur",750,483,288,711,4
11,56,"cur",345,515,277,436,4
11,56,"cur",325,276,320,773,4
11,56,"cur",242,323,281,729,4
11,56,"cur",415,321,286,796,4
11,56,"cur",618,533,239,396,4
11,56,"cur",236,372,245,418,4
11,56,"cur",395,313,328,780,4
11,56,"cur",350,433,287,431,4
11,56,"cur",283,331,262,736,4
11,56,"cur",236,276,275,660,4
11,56,"cur",460,292,292,695,4
11,56,"cur",174,317,267,630,4
11,56,"cur",451,273,447,779,4
11,56,"cur",275,421,245,378,4
11,56,"cur",440,385,255,644,4
11,56,"cur",219,332,242,370,4
11,56,"cur",434,304,248,308,4
11,56,"cur",264,299,252,541,4
11,56,"cur",584,311,308,732,4
11,56,"cur",403,256,250,779,4
11,56,"cur",122,421,272,331,4
11,56,"cur",85,306,283,543,4
11,56,"cur",74,331,250,388,4
11,56,"cur",194,299,246,450,4
11,56,"cur",715,471,247,341,4
11,56,"cur",210,353,283,717,4
11,56,"cur",625,359,336,600,4
11,56,"cur",377,369,276,612,4
11,56,"cur",255,510,262,377,4
11,56,"cur",203,314,244,302,4
11,56,"cur",114,389,246,408,4
11,56,"cur",670,476,392,718,4
11,56,"cur",223,274,235,439,4
11,56,"cur",525,283,339,774,4
11,56,"cur",361,284,297,746,4
11,56,"cur",201,362,257,327,4
11,56,"cur",527,539,364,702,4
11,56,"cur",251,388,259,418,4
11,56,"cur",180,318,389,764,4
11,56,"cur",137,370,227,346,4
11,56,"cur",406,266,369,815,4
11,56,"cur",192,268,270,745,4
11,56,"cur",487,289,386,810,4
11,56,"cur",446,278,305,821,4
11,56,"cur",322,385,285,708,4
11,56,"cur",262,325,261,473,4
11,56,"cur",450,405,303,829,4
11,56,"cur",309,424,244,310,4
11,56,"cur",195,299,332,755,4
11,56,"cur",680,441,259,233,4
11,56,"cur",292,311,230,345,4
11,56,"cur",92,462,262,420,4
11,56,"cur",101,339,237,330,4
11,56,"cur",585,344,245,406,4
11,56,"cur",225,317,250,553,4
11,56,"cur",696,416,251,284,4
11,56,"cur",650,414,266,505,4
11,56,"cur",396,258,307,805,4
11,56,"cur",244,298,465,822,4
11,56,"cur",131,291,253,351,4
11,56,"cur",731,433,367,710,4
11,56,"cur",510,256,355,820,4
11,56,"cur",626,383,268,334,4
11,56,"cur",433,323,340,835,4
11,56,"cur",340,258,254,827,4
11,56,"cur",481,435,240,797,4
11,56,"cur",446,540,300,706,4
11,56,"cur",87,471,239,325,4
11,56,"cur",464,288,246,757,4
11,56,"cur",354,292,271,777,4
11,56,"cur",438,468,316,703,4
11,56,"cur",280,293,247,563,4
11,56,"cur",450,407,263,828,4
11,56,"cur",304,359,300,548,4
11,56,"cur",249,542,239,310,4
11,56,"cur",151,543,239,386,4
11,56,"cur",360,264,255,548,4
11,56,"cur",319,307,292,661,4
11,56,"cur",177,331,255,292,4
11,56,"cur",193,347,248,411,4
11,56,"cur",750,401,269,440,4
11,56,"cur",699,317,308,717,4
11,56,"cur",313,382,243,288,4
11,56,"cur",491,452,251,710,4
11,56,"cur",399,393,237,339,4
11,56,"cur",704,531,269,345,4
11,56,"cur",516,273,327,768,4
11,56,"cur",472,288,337,822,4
11,56,"cur",331,370,247,335,4
11,56,"cur",302,293,246,352,4
11,56,"cur",358,550,265,510,4
11,56,"cur",650,353,244,402,4
11,56,"cur",677,393,405,759,4
11,56,"cur",164,324,265,415,4
11,56,"cur",146,354,240,361,4
11,56,"cur",509,267,223,833,4
11,56,"cur",573,412,263,351,4
11,56,"cur",262,308,322,742,4
11,56,"cur",398,403,267,782,4
11,56,"cur",169,282,257,625,4
11,56,"cur",401,601,245,359,4
11,56,"cur",132,291,264,508,4
11,56,"cur",295,346,264,328,4
11,56,"cur",354,285,323,843,4
11,56,"cur",93,274,311,760,4
11,56,"cur",744,485,254,295,4
11,56,"cur",450,290,243,790,4
11,56,"cur",656,461,251,454,4
11,56,"cur",229,361,256,382,4
11,56,"cur",579,288,255,571,4
11,56,"cur",229,309,247,366,4
11,56,"cur",294,421,319,755,4
11,56,"cur",712,304,286,843,4
11,56,"cur",768,438,369,770,4
11,56,"cur",203,342,312,712,4
11,56,"cur",291,488,283,689,4
11,56,"cur",216,267,251,311,4
11,56,"cur",272,312,257,386,4
11,56,"cur",452,253,196,857,4
11,56,"cur",382,312,264,638,4
11,56,"cur",306,325,328,704,4
11,56,"cur",294,341,331,805,4
11,56,"cur",164,366,308,631,4
11,56,"cur",411,330,247,700,4
11,56,"cur",89,319,252,376,4
11,56,"cur",513,320,268,452,4
11,56,"cur",715,393,263,778,4
11,56,"cur",484,301,360,674,4
11,56,"cur",663,376,239,331,4
11,56,"cur",341,291,255,703,4
11,56,"cur",358,314,241,398,4
11,56,"cur",88,299,245,289,4
11,56,"cur",527,366,294,644,4
11,56,"cur",77,285,270,582,4
11,56,"cur",567,249,288,911,4
11,56,"cur",403,280,281,735,4
11,56,"cur",161,458,255,384,4
11,56,"cur",83,307,269,771,4
11,56,"cur",322,285,262,711,4
11,56,"cur",101,297,244,382,4
11,56,"cur",221,375,259,318,4
11,56,"cur",409,384,255,701,4
11,56,"cur",251,443,258,443,4
11,56,"cur",668,370,286,835,4
11,56,"cur",792,527,241,292,4
11,56,"cur",506,468,347,810,4
11,56,"cur",580,497,269,343,4
11,56,"cur",559,363,240,384,4
11,56,"cur",380,322,239,369,4
11,56,"cur",422,453,234,300,4
11,56,"cur",698,430,254,384,4
11,56,"cur",656,519,245,255,4
11,56,"cur",791,410,271,393,4
11,56,"cur",348,527,253,330,4
11,56,"cur",122,313,245,382,4
11,56,"cur",368,420,257,340,4
11,56,"cur",309,269,331,741,4
11,56,"cur",188,345,267,471,4
11,56,"cur",395,534,274,315,4
11,56,"cur",239,404,246,391,4
11,56,"cur",688,335,272,620,4
11,56,"cur",264,281,272,574,4
11,56,"cur",720,461,340,789,4
11,56,"cur",711,431,358,647,4
11,56,"cur",624,316,326,654,4
11,56,"cur",250,295,248,676,4
11,56,"cur",434,577,330,620,4
11,56,"cur",193,324,257,399,4
11,56,"cur",218,329,242,451,4
11,56,"cur",482,295,329,756,4
11,56,"cur",105,317,266,409,4
11,56,"cur",732,407,319,738,4
11,56,"cur",387,426,244,377,4
11,56,"cur",359,470,259,295,4
11,56,"cur",354,425,263,476,4
11,56,"cur",181,327,241,430,4
11,56,"cur",240,333,256,572,4
11,56,"cur",232,300,257,438,4
11,56,"cur",626,383,257,832,4
11,56,"cur",696,365,253,443,4
11,56,"cur",74,312,242,701,4
11,56,"cur",449,556,239,368,4
11,56,"cur",258,356,254,361,4
11,56,"cur",163,503,248,344,4
11,56,"cur",348,335,306,784,4
11,56,"cur",341,343,247,325,4
11,56,"cur",119,468,238,416,4
11,56,"cur",402,311,250,403,4
11,56,"cur",358,382,245,418,4
11,56,"cur",370,276,306,778,4
11,56,"cur",444,365,246,724,4
11,56,"cur",149,397,277,685,4
11,56,"cur",293,500,242,310,4
11,56,"cur",419,266,276,807,4
11,56,"cur",371,385,276,536,4
11,56,"cur",464,486,278,667,4
11,56,"cur",172,481,265,401,4
11,56,"cur",422,319,261,754,4
11,56,"cur",432,392,243,323,4
11,56,"cur",46,348,234,303,4
11,56,"cur",244,355,260,525,4
11,56,"cur",235,393,249,384,4
11,56,"cur",196,271,331,723,4
11,56,"cur",735,618,254,306,4
11,56,"cur",630,505,285,327,4
11,56,"cur",373,360,320,599,4
11,56,"cur",154,330,251,311,4
11,56,"cur",325,277,355,744,4
11,56,"cur",672,395,282,622,4
11,56,"cur",581,351,256,276,4
11,56,"cur",676,320,262,544,4
11,56,"cur",302,310,320,699,4
11,56,"cur",249,280,252,479,4
11,56,"cur",432,381,247,283,4
11,56,"cur",342,443,264,723,4
11,56,"cur",721,459,260,313,4
11,56,"cur",192,285,247,353,4
11,56,"cur",95,306,251,304,4
11,56,"cur",401,322,268,531,4
11,56,"cur",652,317,293,671,4
11,56,"cur",257,392,255,342,4
11,56,"cur",179,315,266,314,4
11,56,"cur",705,420,281,408,4
11,56,"cur",373,376,344,797,4
11,56,"cur",628,355,249,768,4
11,56,"cur",219,328,430,739,4
11,56,"cur",319,351,262,438,4
11,56,"cur",318,341,235,354,4
11,56,"cur",197,423,314,645,4
11,56,"cur",338,269,249,252,4
11,56,"cur",588,282,310,802,4
11,56,"cur",376,303,247,762,4
11,56,"cur",502,285,244,424,4
11,56,"cur",427,362,240,816,4
11,56,"cur",192,499,233,322,4
11,56,"cur",384,264,287,798,4
11,56,"cur",227,300,261,534,4
11,56,"cur",142,370,261,683,4
11,56,"cur",551,629,252,312,4
11,56,"cur",542,503,289,691,4
11,56,"cur",283,429,248,285,4
11,56,"cur",428,323,256,831,4
11,56,"cur",251,431,268,319,4
11,56,"cur",155,378,271,466,4
11,56,"cur",555,308,241,249,4
11,56,"cur",111,397,254,284,4
11,56,"cur",621,358,276,530,4
11,56,"cur",199,332,265,599,4
11,56,"cur",332,313,250,756,4
11,56,"cur",436,382,401,746,4
11,56,"cur",626,483,246,314,4
11,56,"cur",380,262,294,786,4
11,56,"cur",226,332,269,675,4
11,56,"cur",340,580,293,763,4
11,56,"cur",520,277,375,828,4
11,56,"cur",259,372,249,332,4
11,56,"cur",437,305,380,801,4
11,57,"cur",382,373,217,146,4
11,57,"cur",548,281,233,506,4
11,57,"cur",288,454,225,136,4
11,57,"cur",513,351,251,214,4
11,57,"cur",260,289,224,163,4
11,57,"cur",536,314,320,716,4
11,57,"cur",494,298,288,724,4
11,57,"cur",639,313,235,271,4
11,57,"cur",127,365,255,304,4
11,57,"cur",546,296,322,765,4
11,57,"cur",508,286,265,602,4
11,57,"cur",341,400,244,278,4
11,57,"cur",89,376,264,277,4
11,57,"cur",201,300,310,792,4
11,57,"cur",345,296,236,713,4
11,57,"cur",333,419,286,333,4
11,57,"cur",475,290,271,820,4
11,57,"cur",379,356,259,356,4
11,57,"cur",420,487,274,491,4
11,57,"cur",453,438,274,675,4
11,57,"cur",275,349,250,377,4
11,57,"cur",364,346,257,369,4
11,57,"cur",628,347,259,359,4
11,57,"cur",444,387,245,279,4
11,57,"cur",191,345,238,401,4
11,57,"cur",353,283,243,375,4
11,57,"cur",257,366,352,673,4
11,57,"cur",328,291,244,431,4
11,57,"cur",788,483,260,524,4
11,57,"cur",552,520,254,325,4
11,57,"cur",686,487,261,585,4
11,57,"cur",224,286,272,492,4
11,57,"cur",511,341,250,311,4
11,57,"cur",264,346,235,229,4
11,57,"cur",287,306,263,405,4
11,57,"cur",377,335,261,487,4
11,57,"cur",564,373,251,271,4
11,57,"cur",198,349,273,308,4
11,57,"cur",326,505,301,768,4
11,57,"cur",218,262,306,640,4
11,57,"cur",173,332,254,274,4
11,57,"cur",663,437,238,454,4
11,57,"cur",227,354,275,374,4
11,57,"cur",315,315,251,360,4
11,57,"cur",435,274,287,760,4
11,57,"cur",268,278,239,464,4
11,57,"cur",395,365,350,723,4
11,57,"cur",642,279,250,411,4
11,57,"cur",391,360,348,729,4
11,57,"cur",134,409,257,291,4
11,57,"cur",106,489,254,356,4
11,57,"cur",575,531,442,844,4
11,57,"cur",482,479,244,614,4
11,57,"cur",383,506,325,655,4
11,57,"cur",398,288,236,803,4
11,57,"cur",499,315,266,709,4
11,57,"cur",456,286,426,798,4
11,57,"cur",326,348,246,318,4
11,57,"cur",423,267,293,628,4
11,57,"cur",387,419,348,790,4
11,57,"cur",298,375,258,329,4
11,57,"cur",317,312,249,303,4
11,57,"cur",413,316,228,351,4
11,57,"cur",485,282,328,835,4
11,57,"cur",360,527,304,625,4
11,57,"cur",342,418,396,659,4
11,57,"cur",329,311,293,610,4
11,57,"cur",439,312,266,565,4
11,57,"cur",659,464,251,270,4
11,57,"cur",670,310,259,658,4
11,57,"cur",274,405,239,296,4
11,57,"cur",698,587,248,336,4
11,57,"cur",479,486,252,395,4
11,57,"cur",244,336,250,275,4
11,57,"cur",652,463,259,379,4
11,57,"cur",97,404,256,373,4
11,57,"cur",303,322,308,610,4
11,57,"cur",222,540,246,319,4
11,57,"cur",177,380,264,398,4
11,57,"cur",243,381,260,512,4
11,57,"cur",257,423,292,625,4
11,57,"cur",637,368,288,674,4
11,57,"cur",685,412,262,268,4
11,57,"cur",540,361,255,341,4
11,57,"cur",330,340,292,700,4
11,57,"cur",248,364,287,473,4
11,57,"cur",207,260,281,737,4
11,57,"cur",124,364,350,705,4
11,57,"cur",696,324,303,654,4
11,57,"cur",577,371,272,631,4
11,57,"cur",464,336,221,542,4
11,57,"cur",373,428,259,371,4
11,57,"cur",628,378,267,283,4
11,57,"cur",515,282,265,776,4
11,57,"cur",221,366,262,278,4
11,57,"cur",285,347,251,242,4
11,57,"cur",329,279,342,662,4
11,57,"cur",601,256,338,841,4
11,57,"cur",212,420,262,326,4
11,57,"cur",378,299,388,805,4
11,57,"cur",272,350,262,280,4
11,57,"cur",309,387,275,355,4
11,57,"cur",60,340,261,335,4
11,57,"cur",314,327,287,420,4
11,57,"cur",441,370,273,331,4
11,57,"cur",372,392,253,305,4
11,57,"cur",334,393,398,801,4
11,57,"cur",426,298,337,743,4
11,57,"cur",279,440,238,319,4
11,57,"cur",435,384,305,797,4
11,57,"cur",372,356,266,666,4
11,57,"cur",226,284,257,807,4
11,57,"cur",240,378,373,753,4
11,57,"cur",205,516,265,332,4
11,57,"cur",287,388,259,290,4
11,57,"cur",335,273,359,811,4
11,57,"cur",148,366,255,333,4
11,57,"cur",192,325,285,527,4
11,57,"cur",162,347,257,435,4
11,57,"cur",174,512,370,634,4
11,57,"cur",321,386,253,305,4
11,57,"cur",546,264,270,841,4
11,57,"cur",508,326,257,341,4
11,57,"cur",196,506,259,292,4
11,57,"cur",425,326,261,368,4
11,57,"cur",224,257,254,434,4
11,57,"cur",411,506,327,739,4
11,57,"cur",352,406,252,272,4
11,57,"cur",375,304,323,736,4
11,57,"cur",606,276,270,814,4
11,57,"cur",379,420,266,305,4
11,57,"cur",503,404,258,328,4
11,57,"cur",321,570,413,753,4
11,57,"cur",224,312,266,534,4
11,57,"cur",450,263,258,731,4
11,57,"cur",239,384,271,435,4
11,57,"cur",243,292,255,679,4
11,57,"cur",169,303,260,414,4
11,57,"cur",273,556,239,307,4
11,57,"cur",405,265,244,837,4
11,57,"cur",335,299,284,711,4
11,57,"cur",246,291,255,300,4
11,57,"cur",675,364,249,497,4
11,57,"cur",499,271,300,826,4
11,57,"cur",552,293,317,598,4
11,57,"cur",303,359,270,307,4
11,57,"cur",624,428,236,318,4
11,57,"cur",279,531,313,613,4
11,57,"cur",669,559,234,260,4
11,57,"cur",457,283,247,569,4
11,57,"cur",103,347,253,351,4
11,57,"cur",316,319,265,391,4
11,57,"cur",415,347,292,762,4
11,57,"cur",614,539,268,313,4
11,57,"cur",351,377,248,367,4
11,57,"cur",266,364,257,358,4
11,57,"cur",342,330,258,256,4
11,57,"cur",336,285,403,780,4
11,57,"cur",190,665,262,582,4
11,57,"cur",468,529,245,353,4
11,57,"cur",136,441,274,677,4
11,57,"cur",138,333,252,303,4
11,57,"cur",162,300,261,359,4
11,57,"cur",365,320,247,693,4
11,57,"cur",475,542,248,422,4
11,57,"cur",266,487,232,398,4
11,57,"cur",225,280,240,534,4
11,57,"cur",149,278,232,295,4
11,57,"cur",659,414,240,294,4
11,57,"cur",358,442,241,333,4
11,57,"cur",39,392,249,311,4
11,57,"cur",348,257,280,815,4
11,57,"cur",128,322,248,368,4
11,57,"cur",332,529,244,316,4
11,57,"cur",214,410,269,543,4
11,57,"cur",255,524,246,311,4
11,57,"cur",653,502,281,639,4
11,57,"cur",166,701,256,315,4
11,57,"cur",454,280,344,788,4
11,57,"cur",534,311,349,830,4
11,57,"cur",180,345,324,628,4
11,57,"cur",465,485,265,728,4
11,57,"cur",459,482,273,745,4
11,57,"cur",327,357,281,407,4
11,57,"cur",287,343,307,537,4
11,57,"cur",320,627,375,717,4
11,57,"cur",343,379,263,304,4
11,57,"cur",278,282,252,634,4
11,57,"cur",732,508,267,768,4
11,57,"cur",365,275,255,664,4
11,57,"cur",384,333,258,566,4
11,57,"cur",178,388,275,426,4
11,57,"cur",304,314,262,391,4
11,57,"cur",358,333,263,329,4
11,57,"cur",200,286,241,254,4
11,57,"cur",694,472,270,215,4
11,57,"cur",623,487,352,814,4
11,57,"cur",514,313,251,269,4
11,57,"cur",444,369,331,564,4
11,57,"cur",567,435,274,344,4
11,57,"cur",178,310,245,342,4
11,57,"cur",127,302,255,276,4
11,57,"cur",317,323,285,633,4
11,57,"cur",194,387,239,333,4
11,57,"cur",245,368,257,313,4
11,57,"cur",378,494,254,340,4
11,57,"cur",431,400,257,576,4
11,57,"cur",137,263,284,707,4
11,57,"cur",140,375,248,315,4
11,57,"cur",431,362,328,619,4
11,57,"cur",313,306,274,664,4
11,57,"cur",181,409,256,348,4
11,57,"cur",244,289,250,837,4
11,57,"cur",427,402,253,359,4
11,57,"cur",305,270,344,782,4
11,57,"cur",308,275,246,483,4
11,57,"cur",159,348,251,291,4
11,57,"cur",328,455,248,335,4
11,57,"cur",231,644,392,661,4
11,57,"cur",307,333,333,781,4
11,57,"cur",468,272,253,792,4
11,57,"cur",581,332,268,784,4
11,57,"cur",13,464,237,676,4
11,57,"cur",370,355,261,353,4
11,57,"cur",305,329,332,723,4
11,57,"cur",280,338,261,577,4
11,57,"cur",275,267,271,810,4
11,57,"cur",418,285,248,282,4
11,57,"cur",384,330,311,583,4
11,57,"cur",451,279,263,802,4
11,57,"cur",135,589,244,309,4
11,57,"cur",572,342,275,678,4
11,57,"cur",173,410,257,389,4
11,57,"cur",252,342,267,318,4
11,57,"cur",620,497,265,333,4
11,57,"cur",419,443,253,317,4
11,57,"cur",467,360,313,763,4
11,57,"cur",150,340,269,422,4
11,57,"cur",612,486,264,324,4
11,57,"cur",534,469,237,269,4
11,57,"cur",621,410,246,283,4
11,57,"cur",433,336,271,718,4
11,57,"cur",650,421,257,397,4
11,57,"cur",298,346,327,699,4
11,57,"cur",538,389,277,656,4
11,57,"cur",464,293,262,294,4
11,57,"cur",107,405,254,287,4
11,57,"cur",503,271,341,765,4
11,57,"cur",375,321,306,536,4
11,57,"cur",281,280,278,672,4
11,57,"cur",286,346,265,746,4
11,57,"cur",253,332,266,393,4
11,57,"cur",296,355,251,400,4
11,57,"cur",144,367,282,512,4
11,57,"cur",371,594,291,676,4
11,57,"cur",348,562,250,376,4
11,57,"cur",487,343,238,268,4
11,57,"cur",256,389,348,602,4
11,57,"cur",493,363,253,374,4
11,57,"cur",257,381,253,370,4
11,57,"cur",520,465,256,320,4
11,57,"cur",353,467,255,250,4
11,57,"cur",410,353,236,339,4
11,57,"cur",449,337,241,401,4
11,57,"cur",115,271,310,733,4
11,57,"cur",452,244,261,738,4
11,57,"cur",558,470,263,245,4
11,57,"cur",234,261,248,346,4
11,57,"cur",325,360,315,580,4
11,57,"cur",425,463,249,402,4
11,57,"cur",404,350,255,341,4
11,57,"cur",503,313,232,275,4
11,57,"cur",281,408,263,526,4
11,57,"cur",179,533,307,743,4
11,57,"cur",575,524,256,318,4
11,57,"cur",437,276,341,811,4
11,57,"cur",383,348,242,496,4
11,57,"cur",383,325,251,289,4
11,57,"cur",474,391,251,300,4
11,57,"cur",224,364,250,352,4
11,57,"cur",215,356,323,657,4
11,57,"cur",376,368,249,281,4
11,57,"cur",159,280,247,308,4
11,57,"cur",306,311,254,257,4
11,57,"cur",164,460,266,284,4
11,57,"cur",593,365,269,315,4
11,57,"cur",378,296,463,820,4
11,57,"cur",274,463,271,626,4
11,57,"cur",420,290,285,602,4
11,57,"cur",423,485,228,404,4
11,57,"cur",358,264,336,665,4
11,57,"cur",363,320,257,548,4
11,57,"cur",228,324,237,361,4
11,57,"cur",333,320,306,718,4
11,57,"cur",70,311,291,659,4
11,57,"cur",403,396,253,315,4
11,57,"cur",432,309,336,750,4
11,57,"cur",533,362,261,321,4
11,57,"cur",397,356,395,746,4
11,57,"cur",321,420,249,366,4
11,57,"cur",374,324,311,745,4
11,57,"cur",246,279,272,678,4
11,57,"cur",532,323,247,289,4
11,45,"ina",297,299,232,361,3
11,45,"ina",93,398,247,306,3
11,45,"ina",203,388,242,288,3
11,45,"ina",670,326,250,361,3
11,45,"ina",304,347,240,533,3
11,45,"ina",170,441,252,314,3
11,45,"ina",176,628,263,629,3
11,45,"ina",221,441,245,341,3
11,45,"ina",316,356,245,356,3
11,45,"ina",156,380,249,387,3
11,45,"ina",528,422,238,366,3
11,45,"ina",259,362,248,374,3
11,45,"ina",128,486,254,353,3
11,45,"ina",197,465,251,322,3
11,45,"ina",207,418,245,380,3
11,45,"ina",237,280,236,644,3
11,45,"ina",223,385,242,317,3
11,45,"ina",295,308,253,388,3
11,45,"ina",695,377,159,832,3
11,45,"ina",192,276,251,334,3
11,45,"ina",255,345,252,403,3
11,45,"ina",449,325,227,789,3
11,45,"ina",190,314,256,492,3
11,45,"ina",368,387,235,388,3
11,45,"ina",149,407,247,378,3
11,45,"ina",303,423,255,355,3
11,45,"ina",248,456,257,359,3
11,45,"ina",175,412,254,313,3
11,45,"ina",264,436,238,309,3
11,45,"ina",242,347,247,303,3
11,45,"ina",282,407,242,332,3
11,45,"ina",569,498,237,281,3
11,45,"ina",175,460,243,330,3
11,45,"ina",231,456,247,300,3
11,45,"ina",284,299,234,348,3
11,45,"ina",155,396,239,404,3
11,45,"ina",264,460,238,431,3
11,45,"ina",307,386,237,369,3
11,45,"ina",248,400,232,343,3
11,45,"ina",153,405,247,351,3
11,45,"ina",656,499,235,758,3
11,45,"ina",507,378,253,396,3
11,45,"ina",237,369,247,297,3
11,45,"ina",211,475,251,314,3
11,45,"ina",247,427,249,419,3
11,45,"ina",280,459,247,314,3
11,45,"ina",516,463,232,780,3
11,45,"ina",210,315,229,341,3
11,45,"ina",191,386,246,261,3
11,45,"ina",212,460,243,348,3
11,45,"ina",700,439,250,322,3
11,45,"ina",381,269,209,799,3
11,45,"ina",378,366,249,814,3
11,45,"ina",193,377,265,679,3
11,45,"ina",112,451,244,390,3
11,45,"ina",328,307,230,517,3
11,45,"ina",121,357,239,407,3
11,45,"ina",684,363,236,257,3
11,45,"ina",311,417,254,601,3
11,45,"ina",565,304,237,427,3
11,45,"ina",251,522,250,316,3
11,45,"ina",215,366,241,290,3
11,45,"ina",114,338,261,365,3
11,45,"ina",572,393,233,327,3
11,45,"ina",218,509,241,309,3
11,45,"ina",463,313,230,859,3
11,45,"ina",200,461,262,321,3
11,45,"ina",656,397,245,353,3
11,45,"ina",282,332,250,289,3
11,45,"ina",635,383,225,779,3
11,56,"ina",331,548,243,312,3
11,56,"ina",234,310,266,594,3
11,56,"ina",313,379,312,323,3
11,56,"ina",420,272,330,797,3
11,56,"ina",225,441,357,713,3
11,56,"ina",315,304,302,579,3
11,56,"ina",295,285,263,708,3
11,56,"ina",615,380,246,310,3
11,56,"ina",508,525,241,264,3
11,56,"ina",381,381,260,363,3
11,56,"ina",385,364,245,398,3
11,56,"ina",346,410,250,305,3
11,56,"ina",260,412,249,329,3
11,56,"ina",245,535,255,330,3
11,56,"ina",388,370,271,660,3
11,56,"ina",218,394,304,401,3
11,56,"ina",300,487,261,312,3
11,56,"ina",250,330,231,265,3
11,56,"ina",428,275,232,829,3
11,56,"ina",231,524,263,286,3
11,56,"ina",278,386,308,430,3
11,56,"ina",458,366,257,786,3
11,56,"ina",259,350,233,338,3
11,56,"ina",264,373,233,226,3
11,56,"ina",312,319,368,776,3
11,56,"ina",384,302,257,747,3
11,56,"ina",294,296,303,695,3
11,56,"ina",239,285,235,601,3
11,56,"ina",253,464,263,346,3
11,56,"ina",292,552,266,337,3
11,56,"ina",406,322,244,713,3
11,56,"ina",282,399,257,369,3
11,56,"ina",252,354,261,462,3
11,56,"ina",315,377,287,449,3
11,56,"ina",250,304,267,640,3
11,56,"ina",325,310,239,369,3
11,56,"ina",282,301,255,689,3
11,56,"ina",229,318,233,348,3
11,57,"ina",174,308,228,169,3
11,57,"ina",233,517,236,245,3
11,57,"ina",202,295,277,589,3
11,57,"ina",290,369,252,383,3
11,57,"ina",278,409,264,242,3
11,57,"ina",271,531,335,636,3
11,57,"ina",313,453,271,275,3
11,57,"ina",307,674,254,589,3
11,57,"ina",142,299,247,318,3
11,57,"ina",189,362,278,443,3
11,57,"ina",510,313,458,790,3
11,57,"ina",127,312,259,435,3
11,57,"ina",236,366,267,259,3
11,57,"ina",324,362,292,741,3
11,57,"ina",286,485,242,404,3
11,57,"ina",88,446,252,348,3
11,57,"ina",697,522,252,290,3
11,57,"ina",312,406,250,282,3
11,57,"ina",626,486,265,305,3
11,57,"ina",343,536,250,394,3
11,57,"ina",598,341,255,297,3
11,57,"ina",191,371,242,281,3
11,57,"ina",321,492,232,334,3
11,57,"ina",225,536,307,650,3
11,57,"ina",268,454,266,278,3
11,57,"ina",410,465,315,579,3
11,57,"ina",271,421,245,320,3
11,57,"ina",279,481,243,327,3
11,57,"ina",219,363,270,511,3
11,57,"ina",224,307,260,293,3
11,57,"ina",327,326,256,279,3
11,57,"ina",295,391,239,327,3
11,57,"ina",257,374,253,279,3
11,57,"ina",260,391,255,289,3
11,57,"ina",155,339,251,337,3
11,57,"ina",153,403,271,273,3
11,57,"ina",293,394,241,334,3
11,57,"ina",744,508,260,350,3
11,57,"ina",629,493,269,298,3
11,57,"ina",216,383,251,320,3
11,46,"ina",721,488,264,793,1
11,46,"ina",413,496,250,797,1
11,46,"ina",185,342,251,427,1
11,46,"ina",332,511,233,333,1
11,46,"ina",733,520,247,732,1
11,46,"ina",450,390,216,825,1
11,46,"ina",325,421,255,607,1
11,46,"ina",481,352,230,829,1
11,46,"ina",425,385,236,362,1
11,46,"ina",469,312,296,851,1
11,46,"ina",350,324,262,644,1
11,46,"ina",328,501,255,734,1
11,46,"ina",604,487,240,835,1
11,46,"ina",176,334,257,329,1
11,46,"ina",443,316,245,878,1
11,46,"ina",286,423,245,387,1
11,46,"ina",187,361,246,403,1
11,46,"ina",509,364,220,876,1
11,46,"ina",471,379,229,787,1
11,46,"ina",490,490,211,808,1
11,46,"ina",448,561,190,832,1
11,46,"ina",354,370,247,693,1
11,46,"ina",518,571,228,589,1
11,46,"ina",439,362,207,796,1
11,46,"ina",482,294,238,860,1
11,46,"ina",422,303,244,759,1
11,46,"ina",242,564,234,417,1
11,46,"ina",229,416,242,367,1
11,45,"rb",285,544,238,361,2
11,45,"rb",191,356,254,412,2
11,45,"rb",181,359,252,369,2
11,45,"rb",356,617,238,698,2
11,45,"rb",746,357,266,528,2
11,45,"rb",178,301,237,338,2
11,45,"rb",519,268,230,366,2
11,45,"rb",394,535,236,445,2
11,45,"rb",139,437,215,346,2
11,45,"rb",442,307,229,558,2
11,45,"rb",395,327,236,308,2
11,45,"rb",252,466,242,341,2
11,45,"rb",454,321,217,785,2
11,45,"rb",202,404,240,291,2
11,45,"rb",707,328,255,375,2
11,45,"rb",390,312,239,350,2
11,45,"rb",297,386,248,364,2
11,45,"rb",605,296,241,325,2
11,45,"rb",458,521,238,404,2
11,45,"rb",311,389,262,383,2
11,45,"rb",237,292,257,646,2
11,45,"rb",454,268,246,708,2
11,45,"rb",353,323,236,451,2
11,45,"rb",216,309,256,337,2
11,45,"rb",449,334,232,824,2
11,45,"rb",260,399,233,345,2
11,45,"rb",173,629,238,657,2
11,45,"rb",369,356,263,364,2
11,45,"rb",177,339,246,348,2
11,45,"rb",730,318,253,413,2
11,45,"rb",374,477,235,283,2
11,45,"rb",310,419,253,351,2
11,45,"rb",202,418,234,329,2
11,45,"rb",197,396,241,352,2
11,45,"rb",720,416,247,365,2
11,45,"rb",142,483,234,390,2
11,56,"rb",531,543,255,514,2
11,56,"rb",404,397,245,546,2
11,56,"rb",464,370,251,289,2
11,56,"rb",101,408,279,372,2
11,56,"rb",664,508,254,368,2
11,56,"rb",290,313,291,767,2
11,56,"rb",279,373,259,305,2
11,56,"rb",718,457,267,429,2
11,56,"rb",227,312,244,392,2
11,56,"rb",347,442,244,319,2
11,56,"rb",248,351,269,513,2
11,56,"rb",256,318,466,723,2
11,56,"rb",254,309,263,456,2
11,56,"rb",606,443,260,316,2
11,56,"rb",241,300,237,380,2
11,56,"rb",519,312,246,808,2
11,56,"rb",489,444,242,286,2
11,56,"rb",243,380,277,568,2
11,56,"rb",456,263,377,850,2
11,56,"rb",413,315,263,777,2
11,56,"rb",218,347,299,443,2
11,56,"rb",280,415,256,291,2
11,56,"rb",352,408,255,375,2
11,56,"rb",225,383,280,650,2
11,56,"rb",373,371,292,722,2
11,56,"rb",424,309,304,800,2
11,56,"rb",295,464,257,353,2
11,56,"rb",164,308,245,784,2
11,56,"rb",418,374,512,784,2
11,56,"rb",188,338,254,735,2
11,56,"rb",345,443,274,441,2
11,56,"rb",216,478,245,299,2
11,56,"rb",203,480,234,737,2
11,56,"rb",396,334,268,790,2
11,56,"rb",329,395,269,256,2
11,56,"rb",336,458,265,550,2
11,56,"rb",275,324,268,333,2
11,57,"rb",205,325,263,393,2
11,57,"rb",497,333,255,267,2
11,57,"rb",248,627,250,249,2
11,57,"rb",216,304,256,338,2
11,57,"rb",327,500,252,321,2
11,57,"rb",361,343,273,383,2
11,57,"rb",317,318,257,382,2
11,57,"rb",462,299,395,867,2
11,57,"rb",184,316,243,286,2
11,57,"rb",221,334,275,272,2
11,57,"rb",446,456,252,402,2
11,57,"rb",641,497,246,327,2
11,57,"rb",154,493,234,317,2
11,57,"rb",364,278,235,241,2
11,57,"rb",240,314,257,435,2
11,57,"rb",515,283,323,762,2
11,57,"rb",311,376,295,589,2
11,57,"rb",394,292,259,260,2
11,57,"rb",268,297,237,324,2
11,57,"rb",299,372,247,293,2
11,57,"rb",409,441,234,491,2
11,57,"rb",376,467,241,325,2
11,57,"rb",310,489,244,306,2
11,57,"rb",573,464,255,362,2
11,57,"rb",224,332,241,266,2
11,57,"rb",642,432,241,332,2
11,57,"rb",327,465,244,305,2
11,57,"rb",272,436,249,358,2
11,57,"rb",218,349,252,343,2
11,57,"rb",170,421,264,239,2
11,57,"rb",328,592,258,393,2
11,57,"rb",419,280,240,415,2
11,57,"rb",328,494,295,553,2
11,57,"rb",447,528,253,312,2
11,46,"rb",277,314,263,447,0
11,46,"rb",451,306,234,747,0
11,46,"rb",307,504,237,583,0
11,46,"rb",582,472,227,877,0
11,46,"rb",167,442,235,481,0
11,46,"rb",277,409,251,520,0
11,46,"rb",465,577,198,825,0
11,46,"rb",634,696,236,645,0
11,46,"rb",251,676,230,393,0
11,46,"rb",193,603,239,392,0
